x,y,measured_cm
-83,93,14.715
-88,107,19.16
-94,113,22.97
-99,119,26.018
-100,123,29.32
-105,127,33.129999999999995
-108,129,34.4
-108,130,36.305
-110,133,39.480000000000004
-111,137,43.29
-114,140,47.1
-114,144,49.64
-116,143,52.18
-114,146,53.45
-117,149,59.8
-120,153,64.88
-130,152,75.04
-129,154,76.31
-128,161,80.12
-130,160,82.66
-130,162,83.93
-132,162,86.47
-131,165,92.82000000000001
-132,167,96.63
-134,167,97.9
-136,167,102.98
-136,171,106.79
-139,172,115.68
-140,172,119.49
-140,173,124.57
-141,176,130.92000000000002
-142,176,134.73000000000002
-143,176,138.2225
-144,177,143.62
-144,178,146.16
-145,178,149.97
-146,178,151.875
-147,180,158.225
-147,181,163.94
-146,181,167.75
-147,182,171.56
-148,183,174.1
-144,186,181.72
-144,187,184.895
-144,188,189.34
-145,187,191.88
-145,190,203.31
-148,191,227.44
-17,245,163.94
-17,248,179.18
-17,249,186.8
-18,249,191.88
-18,252,202.04
-18,246,169.02
-17,242,153.78
-16,241,148.7
-17,240,143.62
-17,238,138.54
-17,237,134.73
-17,235,130.92
-16,234,127.11000000000001
-17,232,123.3
-17,231,119.49
-17,230,115.68
-17,228,111.87
-18,226,108.06
-18,225,105.52
-17,224,102.98
-17,223,100.44
-18,222,97.9
-20,220,95.36000000000001
-19,219,92.82
-18,218,90.28
-18,213,82.66
-17,212,80.12
-21,209,77.58
-19,206,72.50000000000001
-18,204,69.96
-19,201,64.88
-18,199,62.34
-20,196,59.8
-17,194,57.26
-18,188,50.91
-17,186,49.64
-17,184,47.1
-18,181,44.56
-16,175,39.48
-15,167,34.4
-15,159,29.32
-13,149,24.24
-15,146,25.51
-15,143,21.7
-15,136,19.16
-12,126,16.62
-12,124,15.35
-13,122,14.08
-232,2,202.04
-228,3,181.72
-223,3,153.78
-221,3,146.16
-219,3,138.54
-217,3,130.92000000000002
-216,7,125.84
-215,7,120.76
-212,3,115.68
-209,7,105.52
-208,7,100.44
-205,8,92.82000000000001
-203,8,87.74
-200,9,82.66
-199,8,80.12
-198,7,77.58
-195,9,75.04
-194,9,72.5
-192,8,69.96000000000001
-189,8,64.88
-186,8,62.34
-184,9,59.8
-177,10,49.64
-172,3,44.56
-166,9,39.480000000000004
-160,11,34.4
-156,11,31.86
-153,11,29.32
-141,13,24.240000000000002
-134,13,21.7
-129,14,19.16
-126,15,20.43
-123,15,16.62
-117,15,15.35
-111,15,14.08
-108,17,12.81
-82,86,12.81
-88,88,14.08
-96,88,16.62
-103,91,19.16
-105,96,21.7
-110,99,24.240000000000002
-117,106,29.32
-118,111,31.86
-121,112,34.4
-123,119,39.480000000000004
-128,123,44.56
-132,128,49.64
-137,131,59.8
-144,139,75.04
-148,141,82.66
-149,145,87.74
-150,147,92.82000000000001
-151,147,97.9
-153,149,102.98
-154,150,108.06
-155,152,113.14
-160,157,143.62
-161,158,151.24
-162,160,156.32
-163,161,166.48
-164,161,174.1
-166,161,181.72
-3,255,204.58
-1,254,199.5
-1,253,191.88
-2,251,186.8
-3,251,179.18
-4,249,171.56
-4,246,166.48
-5,245,158.86
-4,244,153.78
-4,242,146.16
-4,238,138.54
-5,237,133.46
-4,235,125.84
-5,234,120.76
-4,231,115.68
-6,224,102.98
-7,224,99.17
-4,223,95.36
-6,218,87.74
-6,214,80.12
-6,210,75.04
-8,205,69.96000000000001
-9,203,64.88
-10,199,59.8
-11,195,57.26
-10,190,52.18
-10,188,49.64
-11,185,47.1
-10,182,44.56
-13,176,39.480000000000004
-17,172,36.94
-14,168,34.4
-15,160,29.32
-16,151,24.240000000000002
-14,146,21.7
-15,141,19.795
-15,130,17.89
-15,125,15.35
-13,121,12.81
71,88,12.81
79,88,14.08
88,93,16.62
101,99,21.7
120,117,34.4
127,125,39.480000000000004
136,126,44.56
145,130,49.64
152,136,57.26
161,141,64.88
168,145,72.5
174,151,80.12
178,154,87.74
182,156,92.82000000000001
186,160,100.44
191,161,108.06
194,165,115.68
196,166,120.76
199,167,125.84
204,169,138.54
205,172,146.16
207,172,153.78
210,173,169.02
212,173,176.64000000000001
215,176,186.8
214,176,194.42000000000002
215,178,196.96
217,178,202.04
287,3,202.04
280,3,171.56
279,2,163.94
163,22,34.4
203,16,59.8
234,16,85.2
280,17,186.8
173,-216,204.58
171,-217,199.5
172,-216,196.96
151,-187,100.44
153,-192,108.06
158,-200,125.84
162,-206,143.62
164,-208,151.24
165,-209,158.86
167,-212,166.48
167,-213,171.56
167,-216,184.26
158,-203,130.92000000000002
155,-200,123.3
154,-199,115.68
150,-193,108.06
145,-192,100.44
140,-185,92.82000000000001
135,-182,85.2
133,-176,77.58
127,-168,69.96000000000001
118,-160,62.34
114,-151,54.72
103,-145,47.1
95,-135,39.480000000000004
82,-124,31.86
80,-113,26.78
75,-109,24.240000000000002
70,-102,20.43
39,-91,14.08
14,-100,14.08
15,-123,21.7
24,-133,29.32
21,-154,36.94
16,-164,44.56
16,-175,52.18
21,-183,59.8
23,-194,67.42
26,-200,73.77
23,-207,80.12
23,-211,87.74
24,-218,95.36
23,-224,102.98
26,-232,118.22
26,-235,125.84
27,-239,133.46
27,-242,141.08
27,-244,148.7
29,-245,156.32
29,-248,163.94
27,-250,171.56
26,-251,179.18
27,-253,186.8
27,-256,194.42000000000002
28,-257,202.04
29,-257,207.12
-69,-94,16.62
-79,-106,24.240000000000002
-86,-115,31.86
-68,-79,12.81
-67,-83,14.08
-100,-123,39.480000000000004
-103,-129,47.1
-111,-141,62.34
-118,-145,69.96000000000001
-120,-149,77.58
-123,-155,85.2
-127,-159,92.82000000000001
-129,-162,100.44
-129,-166,108.06
-133,-169,115.68
-135,-171,123.3
-137,-173,130.92000000000002
-139,-175,138.54
-142,-176,146.16
-142,-178,153.78
-145,-181,169.02
-146,-183,176.64000000000001
-148,-185,199.5
-149,-186,207.12
-99,135,50.910000000000004
182,130,97.9
-134,-121,71.23
123,80,26.78
-152,110,99.805
35,-164,45.195
140,127,57.895
-6,184,68.69
-80,156,63.61
-126,-126,66.15
-98,142,58.53
117.56,-14.78,17.000999999999998
118.47,12.67,17.000999999999998
113.8,38.49,17.000999999999998
91.51,78.31,17.000999999999998
72.91,96.76,17.000999999999998
45.1,111.88,17.000999999999998
25.97,117.24,17.000999999999998
-14.01,118.57,17.000999999999998
-43.09,111.06,17.000999999999998
-80.06,86.43,17.000999999999998
-111.84,31.5,17.000999999999998
-117.79,2.99,17.000999999999998
-109.75,-40.89,17.000999999999998
-98.66,-62.07,17.000999999999998
-81.88,-81.29,17.000999999999998
-57.46,-99.93,17.000999999999998
-38.41,-108.59,17.000999999999998
-17.51,-113.47,17.000999999999998
18.52,-116.72,17.000999999999998
60.81,-100.4,17.000999999999998
89.69,-76.27,17.000999999999998
105.15,-56.88,17.000999999999998
115.62,-29.38,17.000999999999998
117.81,-21.63,17.000999999999998
147.39,-0.1,26.78
140.72,43.4,26.78
120.56,84.85,26.78
100.54,107.2,26.78
68.87,128.69,26.78
16.76,142.53,26.78
-36.28,138.55,26.78
-75.01,119.6,26.78
-117.56,76.12,26.78
-124.09,64.21,26.78
-134.83,34.64,26.78
-137.96,9.83,26.78
-136.89,-15.2,26.78
-126.68,-50.77,26.78
-113.26,-74.12,26.78
-96.88,-94.08,26.78
-53.72,-124.31,26.78
3.06,-136.77,26.78
63.47,-120.62,26.78
105.24,-89.91,26.78
137.55,-41.84,26.78
143.78,-13.86,26.78
145.2,5.45,26.78
174.72,9.72,42.02
168.27,44.72,42.02
154.2,79.47,42.02
135.74,105.67,42.02
96.46,140.88,42.02
71.8,153.7,42.02
36.59,162.68,42.02
5.45,166.66,42.02
-45.79,158.12,42.02
-85,137.42,42.02
-108.83,119.01,42.02
-129.18,93.88,42.02
-147.29,57.97,42.02
-156.52,16.36,42.02
-157.97,3.39,42.02
-156.57,-19.93,42.02
-151.17,-46.03,42.02
-148.15,-54.75,42.02
-137.11,-78.52,42.02
-118.77,-103.93,42.02
-98.66,-124.67,42.02
-75.29,-141.49,42.02
-47.7,-154.72,42.02
-23.26,-161.21,42.02
20.53,-164.71,42.02
74.18,-151.12,42.02
100.38,-136.62,42.02
124.85,-117.66,42.02
146.42,-92.55,42.02
161.3,-55.07,42.02
172.07,-25.59,42.02
174.89,0.6,42.02
192.82,-7.52,54.72
189.52,36.15,54.72
179.7,67.48,54.72
162.8,96.88,54.72
154.95,108.18,54.72
131.05,131.73,54.72
113.51,146.89,54.72
82.86,163.84,54.72
46.04,176.72,54.72
17.06,178.17,54.72
0.62,176.36,54.72
-17.65,179.09,54.72
-53.43,167.43,54.72
-84.47,152.44,54.72
-112.05,130.63,54.72
-135.5,105.09,54.72
-152.85,72.03,54.72
-138.16,99.91,54.72
-153.53,70.21,54.72
-164.46,35.17,54.72
-167.07,15.43,54.72
-168.07,4.85,54.72
-168.04,-11.96,54.72
-160.02,-55.4,54.72
-144.43,-89.76,54.72
-122.69,-117.91,54.72
-90.44,-145.14,54.72
-62.46,-160.55,54.72
-26.61,-172.1,54.72
12.22,-179.13,54.72
48.54,-175.85,54.72
77.31,-169.67,54.72
77.17,-169.24,54.72
108.58,-152.46,54.72
138.15,-129.51,54.72
160.04,-101.59,54.72
176.71,-69.15,54.72
189.09,-25.88,54.72
191.68,16.48,54.72
205.87,16.79,67.42
203.01,36.15,67.42
179.52,95.51,67.42
146.89,134.45,67.42
173.04,104.3,67.42
119.12,155.85,67.42
77.5,177.7,67.42
28.43,188.27,67.42
8.53,188.71,67.42
-8.85,189.25,67.42
-44.04,183.04,67.42
-63.85,172.46,67.42
-103.66,151.48,67.42
-131.98,123.01,67.42
-160.28,74.33,67.42
-173.06,34.76,67.42
-177.06,-1.51,67.42
-172.95,-41.34,67.42
-161.62,-74.08,67.42
-129.83,-122.33,67.42
-96.72,-152.55,67.42
-43.79,-181.43,67.42
-78.24,-165.24,67.42
-30.18,-185.66,67.42
12.52,-192.71,67.42
114.92,-164.68,67.42
69.04,-184.23,67.42
151.97,-133.12,67.42
171.04,-107.06,67.42
186.86,-81.23,67.42
205.18,-25.15,67.42
191.94,-70.05,67.42
204.49,-8.76,67.42
219.9,32.07,85.2
204.03,82.96,85.2
187.32,110.63,85.2
158.57,141.71,85.2
126.32,169.5,85.2
70.14,191.67,85.2
16.39,201.39,85.2
-31.57,192.3,85.2
-82.2,175.28,85.2
-134.97,132.8,85.2
-162.46,92.52,85.2
-176.14,58.36,85.2
-182.31,-29.19,85.2
-157.96,-98.49,85.2
-127.48,-139.5,85.2
-64.27,-185.45,85.2
-9.55,-203.06,85.2
21.88,-209.07,85.2
56.83,-205.7,85.2
104.92,-187.88,85.2
121.88,-177.09,85.2
163.59,-149,85.2
205.08,-95.95,85.2
219.05,-47.19,85.2
223.43,-8.77,85.2
229.26,16.91,85.2
214.92,73.59,110.6
184.36,126.59,110.6
169.4,145.83,110.6
140.42,167.82,110.6
111.42,183.9,110.6
51.17,204.88,110.6
4.84,200.52,110.6
-19.39,200.56,110.6
-74,179.5,110.6
-115.67,154.48,110.6
-144.51,122.87,110.6
-130,-142,110.6
-102,-169,110.6
-72,-187,110.6
-31,-200,110.6
24,-213,110.6
87,-202,110.6
132,-179,110.6
157,-170,110.6
180,-136,110.6
201,-105,110.6
213,-78,110.6
224,-53,110.6
227,9,110.6
239,32,136.0
230,63,136.0
221,87,136.0
210,105,136.0
214,99,136.0
192,130,136.0
174,153,136.0
162,161,136.0
127,183,136.0
104,197,136.0
58,207,136.0
21,212,136.0
-55,199,136.0
-102,173,136.0
-132,147,136.0
-156,118,136.0
-174,86,136.0
-189,34,136.0
-192,10,136.0
-191,-23,136.0
-182,-67,136.0
-169,-100,136.0
-133,-149,136.0
-97,-180,136.0
-56,-203,136.0
-17,-217,136.0
-13,-215,136.0
70,-213,136.0
141,-182,136.0
180,-153,136.0
206,-120,136.0
227,-70,136.0
234,-40,136.0
239,2,136.0
243,46,161.4
232,81,161.4
218,106,161.4
190,144,161.4
168,165,161.4
132,194,161.4
110,204,161.4
93,210,161.4
50,225,161.4
-54,203,161.4
-96,181,161.4
-116,170,161.4
-141,148,161.4
-177,89,161.4
-192,48,161.4
-197,-7,161.4
-197,-25,161.4
-181,-85,161.4
-169,-112,161.4
-143,-146,161.4
-107,-186,161.4
-81,-201,161.4
-39,-222,161.4
15,-225,161.4
52,-223,161.4
117,-208,161.4
142,-194,161.4
173,-170,161.4
199,-137,161.4
219,-108,161.4
236,-68,161.4
247,-36,161.4
247,17,161.4
