epoch,mse_cm2,mae_cm,rmse_cm,max_abs_error_cm,mape_percent
1.0,3478.531982421875,50.952980041503906,58.97908020019531,107.09652709960938,131.77149963378906
2.0,3160.47412109375,48.61595153808594,56.21809387207031,102.9366455078125,126.7398681640625
3.0,2865.875732421875,46.32149124145508,53.53387451171875,97.60426330566406,121.93003845214844
4.0,2549.252197265625,43.85719299316406,50.49011993408203,90.48823547363281,116.11559295654297
5.0,2196.92529296875,40.99983215332031,46.871368408203125,83.59095764160156,108.49227905273438
6.0,1802.7794189453125,37.38166046142578,42.45914840698242,77.06546020507812,98.24068450927734
7.0,1413.8687744140625,33.64849853515625,37.60144805908203,67.66532897949219,86.68000030517578
8.0,990.9326171875,28.471235275268555,31.479082107543945,61.295562744140625,70.7663803100586
9.0,615.5558471679688,22.41942024230957,24.81039810180664,57.26704406738281,52.2486457824707
10.0,352.4747619628906,16.735477447509766,18.774311065673828,49.737762451171875,34.25486755371094
11.0,197.0436553955078,11.409299850463867,14.037223815917969,47.045623779296875,16.57508087158203
12.0,149.53515625,9.356987953186035,12.228456497192383,43.43833923339844,10.834518432617188
13.0,147.43826293945312,9.954719543457031,12.142416000366211,41.087554931640625,15.210461616516113
14.0,139.00721740722656,9.554814338684082,11.790132522583008,37.43016052246094,13.911385536193848
15.0,125.38130950927734,8.673519134521484,11.197379112243652,37.12432861328125,10.920402526855469
16.0,114.09093475341797,7.968055248260498,10.68133544921875,37.203399658203125,8.949899673461914
17.0,110.25858306884766,7.757282257080078,10.500409126281738,34.76679992675781,8.113859176635742
18.0,108.77251434326172,7.743506908416748,10.42940616607666,31.8155517578125,8.051982879638672
19.0,96.5853500366211,7.245758056640625,9.827784538269043,35.50762939453125,7.784486770629883
20.0,93.40341186523438,7.135327339172363,9.664544105529785,34.62428283691406,7.612029552459717
21.0,93.27567291259766,7.2528557777404785,9.657933235168457,30.37677001953125,7.757511138916016
22.0,84.60435485839844,6.823157787322998,9.198062896728516,33.29803466796875,7.463263511657715
23.0,84.49949645996094,6.955494403839111,9.192360877990723,30.175933837890625,7.589582443237305
24.0,79.7218017578125,6.735156059265137,8.928706169128418,29.65771484375,7.451925277709961
25.0,75.6130142211914,6.516448974609375,8.695574760437012,30.464599609375,7.336991310119629
26.0,73.73320007324219,6.571782112121582,8.586803436279297,29.020477294921875,7.59812593460083
27.0,70.71432495117188,6.437697410583496,8.409180641174316,29.175323486328125,7.42406702041626
28.0,68.43677520751953,6.380245685577393,8.272652626037598,30.020782470703125,7.494739532470703
29.0,65.19270324707031,6.108182907104492,8.074199676513672,29.8228759765625,7.250624656677246
30.0,64.35391998291016,6.235167503356934,8.022089958190918,27.882659912109375,7.663227081298828
31.0,64.35929107666016,6.2619123458862305,8.022424697875977,25.5107421875,7.64820671081543
32.0,59.5772590637207,5.847090244293213,7.718630790710449,28.546905517578125,7.104291915893555
33.0,58.62639617919922,5.9990949630737305,7.656787395477295,28.239944458007812,7.567509174346924
34.0,56.146968841552734,5.826663494110107,7.493128299713135,27.268905639648438,7.268152236938477
35.0,54.971885681152344,5.7619524002075195,7.414302825927734,25.151031494140625,7.233048915863037
36.0,52.76033401489258,5.602729797363281,7.2636308670043945,25.5458984375,7.061928749084473
37.0,52.772613525390625,5.684408187866211,7.264476299285889,22.986968994140625,7.25468635559082
38.0,50.23463439941406,5.554265022277832,7.087639331817627,23.8905029296875,7.1670613288879395
39.0,48.460147857666016,5.454722881317139,6.961332321166992,25.346435546875,7.01507568359375
40.0,47.954986572265625,5.385498046875,6.924953937530518,23.165969848632812,6.786181926727295
41.0,45.708106994628906,5.216495990753174,6.760776996612549,24.570480346679688,6.758938789367676
42.0,46.17197799682617,5.367575168609619,6.794996738433838,22.72235107421875,7.0085129737854
43.0,43.34975051879883,5.0727434158325195,6.584052562713623,23.7979736328125,6.566236972808838
44.0,42.826988220214844,5.095242500305176,6.544233322143555,22.091796875,6.687387943267822
45.0,40.91111755371094,4.990798473358154,6.396180152893066,23.859771728515625,6.529873847961426
46.0,40.10113525390625,4.9350080490112305,6.332545757293701,23.034912109375,6.447933673858643
47.0,39.207027435302734,4.861855506896973,6.261551380157471,21.796279907226562,6.392801761627197
48.0,38.14934539794922,4.743752479553223,6.176515579223633,21.71014404296875,6.242839813232422
49.0,37.16200637817383,4.710158824920654,6.096065044403076,23.12371826171875,6.2262115478515625
50.0,36.834590911865234,4.7215189933776855,6.069150924682617,21.182952880859375,6.17666482925415
51.0,35.47908020019531,4.565731525421143,5.956431865692139,21.890777587890625,6.012363910675049
52.0,34.89176559448242,4.548475742340088,5.906925201416016,20.32080078125,6.09608268737793
53.0,34.444210052490234,4.525753498077393,5.8689188957214355,19.479019165039062,5.984172344207764
54.0,33.05702590942383,4.310958385467529,5.749524116516113,21.665206909179688,5.7434163093566895
55.0,33.913726806640625,4.503404140472412,5.823549270629883,20.8770751953125,5.9198994636535645
56.0,31.988525390625,4.267914295196533,5.655839920043945,19.620681762695312,5.725831985473633
57.0,31.881898880004883,4.2931694984436035,5.6464056968688965,18.18072509765625,5.709534645080566
58.0,29.95849609375,4.088309288024902,5.473435401916504,20.698394775390625,5.549426078796387
59.0,29.42656898498535,4.091772079467773,5.424626350402832,20.244842529296875,5.579412937164307
60.0,30.81736946105957,4.206091403961182,5.551339626312256,18.562789916992188,5.656161785125732
61.0,28.401037216186523,3.93921160697937,5.3292622566223145,20.513442993164062,5.441205024719238
62.0,28.106536865234375,3.9984889030456543,5.301559925079346,18.803619384765625,5.461503982543945
63.0,28.307321548461914,4.022871494293213,5.320462703704834,17.142364501953125,5.482682228088379
64.0,26.514076232910156,3.825244903564453,5.149182319641113,19.170761108398438,5.289496898651123
65.0,26.589088439941406,3.866706609725952,5.156460762023926,17.662185668945312,5.329850673675537
66.0,25.962018966674805,3.794907808303833,5.095293998718262,17.7396240234375,5.252359390258789
67.0,25.165019989013672,3.6915194988250732,5.016474723815918,18.850860595703125,5.152032375335693
68.0,25.40044593811035,3.765955924987793,5.039885520935059,16.886474609375,5.237610816955566
69.0,25.07088851928711,3.709836721420288,5.007083892822266,16.67938232421875,5.134800910949707
70.0,23.989553451538086,3.6000306606292725,4.897912979125977,18.928253173828125,5.034854412078857
71.0,23.68855094909668,3.575789451599121,4.867088317871094,17.857040405273438,5.002645015716553
72.0,23.380918502807617,3.507809638977051,4.835381984710693,18.796051025390625,4.915701866149902
73.0,24.87753677368164,3.6631085872650146,4.987738609313965,17.616928100585938,5.043129920959473
74.0,23.040924072265625,3.5024852752685547,4.800096035003662,19.296478271484375,5.000123500823975
75.0,22.275346755981445,3.46958327293396,4.719676494598389,17.1383056640625,4.900766849517822
76.0,22.435400009155273,3.465644359588623,4.736602306365967,16.199081420898438,4.860942840576172
77.0,21.381216049194336,3.383490562438965,4.623982906341553,17.19061279296875,4.772451877593994
78.0,21.128679275512695,3.339639663696289,4.596594333648682,16.980926513671875,4.738642692565918
79.0,21.92091178894043,3.4521028995513916,4.681977272033691,16.1048583984375,4.8693623542785645
80.0,21.004810333251953,3.3312788009643555,4.583100318908691,19.064407348632812,4.765780925750732
81.0,21.147241592407227,3.351928234100342,4.5986127853393555,15.578262329101562,4.746848106384277
82.0,19.947193145751953,3.267498254776001,4.466228008270264,16.8369140625,4.665976524353027
83.0,19.745201110839844,3.2332141399383545,4.443557262420654,16.245803833007812,4.639909267425537
84.0,19.39405059814453,3.191598415374756,4.403867721557617,16.845703125,4.603140354156494
85.0,19.373403549194336,3.205279588699341,4.401522636413574,15.12188720703125,4.595895290374756
86.0,19.889604568481445,3.2297725677490234,4.459776401519775,16.050735473632812,4.664322376251221
87.0,18.978107452392578,3.187929391860962,4.356387138366699,16.62841796875,4.588459014892578
88.0,19.344377517700195,3.216449737548828,4.398224353790283,14.848388671875,4.602133274078369
89.0,19.006235122680664,3.119710683822632,4.35961389541626,18.187835693359375,4.467743873596191
90.0,20.107378005981445,3.208604574203491,4.484125137329102,16.945877075195312,4.567101955413818
91.0,18.401552200317383,3.13747501373291,4.289702892303467,16.418411254882812,4.585385322570801
92.0,18.482988357543945,3.1432693004608154,4.299184799194336,15.308151245117188,4.5110650062561035
93.0,17.416423797607422,3.019319534301758,4.1732988357543945,16.6668701171875,4.378555774688721
94.0,17.597633361816406,3.038361072540283,4.194953441619873,15.121780395507812,4.4482011795043945
95.0,17.13640785217285,3.0081021785736084,4.139614582061768,15.162933349609375,4.343443870544434
96.0,18.029247283935547,3.0570552349090576,4.246086120605469,15.198867797851562,4.376537322998047
97.0,16.974536895751953,2.9996063709259033,4.120016574859619,13.986236572265625,4.306399822235107
98.0,16.812583923339844,2.913320302963257,4.100315093994141,14.489456176757812,4.237693786621094
99.0,16.537521362304688,2.9573936462402344,4.0666351318359375,14.383071899414062,4.267344951629639
100.0,16.184612274169922,2.8972249031066895,4.02301025390625,14.515167236328125,4.270627498626709
101.0,16.094470977783203,2.862778663635254,4.011791706085205,15.416046142578125,4.164517879486084
102.0,16.378461837768555,2.8973212242126465,4.047031402587891,15.455978393554688,4.198629379272461
103.0,15.968907356262207,2.9184539318084717,3.9961116313934326,14.187210083007812,4.19734001159668
104.0,15.849278450012207,2.8678627014160156,3.9811153411865234,14.662429809570312,4.1649861335754395
105.0,15.404898643493652,2.8290839195251465,3.9249074459075928,14.736068725585938,4.113410472869873
106.0,15.22325611114502,2.808293342590332,3.9016990661621094,13.351104736328125,4.125993728637695
107.0,15.096667289733887,2.7634787559509277,3.8854429721832275,14.608322143554688,4.0094895362854
108.0,15.399368286132812,2.817997932434082,3.9242029190063477,15.369888305664062,4.076720237731934
109.0,14.812451362609863,2.777688503265381,3.8486948013305664,13.469345092773438,4.0319647789001465
110.0,14.748278617858887,2.7050564289093018,3.840348720550537,14.515899658203125,3.9652724266052246
111.0,14.389711380004883,2.69197678565979,3.79337739944458,13.543975830078125,3.950991153717041
112.0,14.835590362548828,2.7847471237182617,3.8516995906829834,13.538619995117188,4.011124610900879
113.0,14.30385684967041,2.6669437885284424,3.782043933868408,13.993026733398438,3.900564193725586
114.0,14.092042922973633,2.6515040397644043,3.753937005996704,13.85699462890625,3.911672592163086
115.0,14.070509910583496,2.6828691959381104,3.751067876815796,14.047744750976562,3.903035879135132
116.0,13.994165420532227,2.677266836166382,3.740877628326416,12.991561889648438,3.8987205028533936
117.0,14.029035568237305,2.624788999557495,3.745535373687744,14.691085815429688,3.836066246032715
118.0,14.56519603729248,2.7513620853424072,3.8164377212524414,14.245635986328125,3.988142728805542
119.0,14.686538696289062,2.6484880447387695,3.8323020935058594,13.76153564453125,3.8988709449768066
120.0,14.682255744934082,2.759613513946533,3.8317432403564453,15.109634399414062,3.920544385910034
121.0,13.339472770690918,2.5498554706573486,3.6523241996765137,14.157608032226562,3.7530102729797363
122.0,13.6533842086792,2.647249460220337,3.6950485706329346,13.374160766601562,3.8272488117218018
123.0,12.94485092163086,2.5364062786102295,3.597895383834839,13.09942626953125,3.6992688179016113
124.0,14.118606567382812,2.668670177459717,3.7574734687805176,16.146926879882812,3.8237149715423584
125.0,12.700878143310547,2.49953031539917,3.563829183578491,12.639175415039062,3.6686387062072754
126.0,13.08439826965332,2.5397558212280273,3.617236375808716,14.276351928710938,3.6728599071502686
127.0,12.505817413330078,2.4922969341278076,3.5363564491271973,12.821090698242188,3.6155688762664795
128.0,12.48918342590332,2.4870502948760986,3.534003973007202,13.431991577148438,3.6258182525634766
129.0,12.674654006958008,2.5247130393981934,3.560148000717163,12.91796875,3.6808390617370605
130.0,12.583283424377441,2.4929542541503906,3.547292470932007,14.156356811523438,3.6505863666534424
131.0,12.210488319396973,2.4639086723327637,3.4943509101867676,13.018966674804688,3.6173720359802246
132.0,12.1077299118042,2.4447684288024902,3.479616403579712,13.782180786132812,3.5606813430786133
133.0,12.118124961853027,2.4823036193847656,3.481109619140625,13.010757446289062,3.605043411254883
134.0,12.107966423034668,2.3954544067382812,3.4796502590179443,13.80303955078125,3.4821157455444336
135.0,12.066335678100586,2.391077995300293,3.473663091659546,13.164566040039062,3.5140678882598877
136.0,11.714698791503906,2.3760523796081543,3.4226741790771484,13.160369873046875,3.4635915756225586
137.0,12.761306762695312,2.5278666019439697,3.5722970962524414,14.367050170898438,3.6178741455078125
138.0,11.503769874572754,2.2938754558563232,3.391720771789551,12.51519775390625,3.3860340118408203
139.0,11.331547737121582,2.3400652408599854,3.366236448287964,12.720748901367188,3.4331307411193848
140.0,11.8540620803833,2.3931562900543213,3.4429728984832764,13.931838989257812,3.455524444580078
141.0,11.289063453674316,2.333580255508423,3.3599202632904053,12.76226806640625,3.365518808364868
142.0,11.144518852233887,2.3043508529663086,3.3383407592773438,12.226715087890625,3.3672406673431396
143.0,10.863449096679688,2.2611935138702393,3.2959747314453125,12.426651000976562,3.3172342777252197
144.0,11.232043266296387,2.3501319885253906,3.351423978805542,12.469482421875,3.3929641246795654
145.0,10.907275199890137,2.2868878841400146,3.3026163578033447,12.585769653320312,3.323986768722534
146.0,10.827693939208984,2.235455274581909,3.290546178817749,11.919631958007812,3.2753732204437256
147.0,10.589155197143555,2.2587828636169434,3.2540981769561768,11.809783935546875,3.276052951812744
148.0,10.48849105834961,2.22690749168396,3.2385940551757812,11.904403686523438,3.266598701477051
149.0,10.546238899230957,2.1927661895751953,3.247497320175171,13.309829711914062,3.2415390014648438
150.0,10.429275512695312,2.2665557861328125,3.2294387817382812,11.81256103515625,3.289888381958008
151.0,10.20891284942627,2.1668195724487305,3.195138931274414,12.680435180664062,3.183875322341919
152.0,10.068010330200195,2.167295217514038,3.1730127334594727,11.8280029296875,3.170013427734375
153.0,11.015677452087402,2.3188438415527344,3.3189873695373535,13.204177856445312,3.3355932235717773
154.0,10.369951248168945,2.2238876819610596,3.220240831375122,11.850341796875,3.2589681148529053
155.0,10.140741348266602,2.2015514373779297,3.184453010559082,12.525131225585938,3.2490267753601074
156.0,9.869308471679688,2.1402084827423096,3.141545534133911,12.024658203125,3.120762348175049
157.0,9.921034812927246,2.1693167686462402,3.1497673988342285,12.348403930664062,3.156247615814209
158.0,9.985302925109863,2.1646201610565186,3.1599528789520264,13.59979248046875,3.140062093734741
159.0,9.60118579864502,2.101299524307251,3.0985779762268066,11.5555419921875,3.058713912963867
160.0,9.848658561706543,2.183628797531128,3.1382572650909424,12.24688720703125,3.1474058628082275
161.0,9.426255226135254,2.058016061782837,3.070220708847046,11.547317504882812,3.0249557495117188
162.0,9.291346549987793,2.0886967182159424,3.048171043395996,11.734725952148438,3.0623891353607178
163.0,9.791424751281738,2.121349811553955,3.1291251182556152,13.366989135742188,3.0835158824920654
164.0,9.891483306884766,2.116929531097412,3.1450729370117188,12.33074951171875,3.0497899055480957
165.0,11.211080551147461,2.3957903385162354,3.348295211791992,13.974517822265625,3.403456449508667
166.0,9.326125144958496,2.056955337524414,3.053870439529419,12.283355712890625,3.0108158588409424
167.0,9.645806312561035,2.058297872543335,3.1057698726654053,13.420700073242188,3.011646270751953
168.0,9.475728988647461,2.1020729541778564,3.0782670974731445,11.655517578125,3.0031538009643555
169.0,10.075108528137207,2.1930830478668213,3.174131155014038,12.343460083007812,3.207108736038208
170.0,9.067658424377441,2.034132480621338,3.0112552642822266,11.993621826171875,2.9504361152648926
171.0,9.153749465942383,2.048678159713745,3.0255165100097656,12.777603149414062,3.011744260787964
172.0,8.986363410949707,2.0905911922454834,2.9977264404296875,11.282272338867188,3.039557695388794
173.0,9.407439231872559,2.1021575927734375,3.067154884338379,11.262420654296875,2.975980520248413
174.0,8.667238235473633,1.9747244119644165,2.9440174102783203,11.365264892578125,2.9270179271698
175.0,8.554792404174805,1.9627619981765747,2.9248576164245605,12.225387573242188,2.8720428943634033
176.0,9.169513702392578,2.0815091133117676,3.028120517730713,13.0927734375,3.012951135635376
177.0,8.55972957611084,1.9495770931243896,2.92570161819458,11.93524169921875,2.8404908180236816
178.0,8.438735961914062,1.928131341934204,2.9049501419067383,11.728805541992188,2.8462307453155518
179.0,8.684374809265137,2.008861780166626,2.9469263553619385,11.470840454101562,2.880462646484375
180.0,8.92829418182373,1.9984660148620605,2.988025188446045,12.139389038085938,2.94010853767395
181.0,8.503885269165039,1.971519947052002,2.916142225265503,12.243560791015625,2.8521976470947266
182.0,8.399205207824707,1.936594009399414,2.8981382846832275,12.015579223632812,2.8261756896972656
183.0,8.326950073242188,1.937293529510498,2.885645627975464,12.527420043945312,2.825976848602295
184.0,8.036259651184082,1.8901245594024658,2.834829807281494,10.894973754882812,2.7495992183685303
185.0,7.915156841278076,1.8602299690246582,2.8133888244628906,10.893661499023438,2.730316400527954
186.0,8.57335090637207,2.0531609058380127,2.9280285835266113,11.209197998046875,2.9826886653900146
187.0,8.30471420288086,1.939573049545288,2.8817901611328125,11.777801513671875,2.8285281658172607
188.0,7.8099236488342285,1.8631902933120728,2.794624090194702,11.183837890625,2.721695899963379
189.0,8.295689582824707,1.9339628219604492,2.8802239894866943,11.794265747070312,2.8391804695129395
190.0,7.743419647216797,1.8708709478378296,2.7827000617980957,11.083511352539062,2.740143060684204
191.0,7.682276248931885,1.8537994623184204,2.7716920375823975,11.143844604492188,2.7211949825286865
192.0,7.694320201873779,1.8677213191986084,2.7738637924194336,11.1483154296875,2.715491533279419
193.0,7.636266231536865,1.846704125404358,2.7633795738220215,11.478363037109375,2.723576784133911
194.0,8.42004108428955,1.9702826738357544,2.90173077583313,11.309371948242188,2.8373146057128906
195.0,8.362173080444336,2.0384469032287598,2.89174222946167,11.279281616210938,2.9049763679504395
196.0,8.595602989196777,1.968711018562317,2.931825876235962,12.049880981445312,2.748140811920166
197.0,7.672216892242432,1.8932569026947021,2.769876718521118,11.013046264648438,2.7562389373779297
198.0,7.637045860290527,1.8558626174926758,2.7635204792022705,10.873321533203125,2.6797406673431396
199.0,7.519627094268799,1.81427001953125,2.7421939373016357,10.84234619140625,2.6785898208618164
200.0,7.467409133911133,1.8264676332473755,2.7326560020446777,10.762481689453125,2.640944242477417
201.0,8.302372932434082,1.9728833436965942,2.8813838958740234,12.125350952148438,2.8501925468444824
202.0,8.908909797668457,2.0271217823028564,2.9847795963287354,12.363540649414062,2.796954393386841
203.0,8.252046585083008,1.9955549240112305,2.8726375102996826,10.8702392578125,2.865255832672119
204.0,8.882645606994629,2.0666487216949463,2.980376720428467,11.221511840820312,3.051274061203003
205.0,7.559872150421143,1.9002693891525269,2.7495222091674805,11.412246704101562,2.764507532119751
206.0,7.542900562286377,1.819490671157837,2.746434211730957,11.570709228515625,2.6126842498779297
207.0,8.178168296813965,1.9929949045181274,2.8597497940063477,10.98846435546875,2.765469789505005
208.0,7.5959672927856445,1.8321807384490967,2.7560782432556152,10.665924072265625,2.6617369651794434
209.0,7.526045322418213,1.8591426610946655,2.743363857269287,10.6295166015625,2.646108865737915
210.0,7.277132511138916,1.7627053260803223,2.6976161003112793,11.355224609375,2.5549399852752686
211.0,7.196216583251953,1.833857536315918,2.6825764179229736,10.852890014648438,2.65102481842041
212.0,7.633523941040039,1.8531907796859741,2.762883186340332,11.500259399414062,2.640004873275757
213.0,7.597519397735596,1.9132062196731567,2.756359815597534,10.631790161132812,2.7134439945220947
214.0,7.099997520446777,1.7792737483978271,2.6645820140838623,11.338363647460938,2.5810036659240723
215.0,7.2388129234313965,1.8075140714645386,2.690504312515259,11.173294067382812,2.622093915939331
216.0,6.991443157196045,1.7450578212738037,2.6441338062286377,10.912567138671875,2.530461549758911
217.0,7.144474983215332,1.824191927909851,2.672914981842041,10.809799194335938,2.605421781539917
218.0,7.275286674499512,1.7320979833602905,2.6972739696502686,10.34228515625,2.5285630226135254
219.0,7.811926364898682,1.8767216205596924,2.794982433319092,12.889755249023438,2.6509788036346436
220.0,7.4401750564575195,1.8269795179367065,2.727668523788452,11.764495849609375,2.6763956546783447
221.0,7.869741439819336,1.9528279304504395,2.8053059577941895,10.115142822265625,2.994774580001831
222.0,7.143576622009277,1.8407008647918701,2.6727471351623535,10.199844360351562,2.7676405906677246
223.0,6.73158597946167,1.7335498332977295,2.5945301055908203,10.016616821289062,2.5338871479034424
224.0,6.783990859985352,1.7130616903305054,2.604609489440918,11.055526733398438,2.4884262084960938
225.0,6.825755596160889,1.7188441753387451,2.612614631652832,10.839508056640625,2.4769439697265625
226.0,7.129246234893799,1.8508013486862183,2.670064926147461,10.000320434570312,2.7501254081726074
227.0,7.164074897766113,1.7922626733779907,2.676578998565674,10.185150146484375,2.6827664375305176
228.0,6.870161533355713,1.6742318868637085,2.6210992336273193,10.415420532226562,2.45526385307312
229.0,6.678432941436768,1.7458381652832031,2.584266424179077,11.1258544921875,2.5209197998046875
230.0,7.9209723472595215,1.9370924234390259,2.814422130584717,12.314590454101562,2.7398715019226074
231.0,7.650134086608887,1.8705886602401733,2.765887498855591,11.39947509765625,2.6451950073242188
232.0,8.477773666381836,2.0103073120117188,2.9116616249084473,12.140045166015625,2.797684907913208
233.0,6.8854146003723145,1.7812285423278809,2.6240074634552,9.89471435546875,2.5274152755737305
234.0,6.739213466644287,1.6704607009887695,2.5959994792938232,10.013214111328125,2.4385409355163574
235.0,7.128364086151123,1.8636879920959473,2.6698997020721436,11.815750122070312,2.5923306941986084
236.0,7.08603572845459,1.791916012763977,2.6619608402252197,11.142578125,2.5389931201934814
237.0,6.9612531661987305,1.7335885763168335,2.638418674468994,11.857452392578125,2.518205404281616
238.0,7.665499210357666,1.8470627069473267,2.7686638832092285,13.0396728515625,2.5380985736846924
239.0,6.730045318603516,1.7365909814834595,2.5942330360412598,10.934234619140625,2.5302188396453857
240.0,6.928858280181885,1.762446641921997,2.632272481918335,10.736175537109375,2.569075584411621
241.0,6.98336935043335,1.819959282875061,2.642606496810913,10.5115966796875,2.590644359588623
242.0,6.451058864593506,1.6779519319534302,2.539893388748169,9.676925659179688,2.448024034500122
243.0,6.349570274353027,1.6456959247589111,2.5198354721069336,10.483856201171875,2.441089630126953
244.0,6.426619052886963,1.6742619276046753,2.5350778102874756,9.879425048828125,2.429435968399048
245.0,6.280653953552246,1.6349514722824097,2.5061233043670654,9.861404418945312,2.396632194519043
246.0,6.9023308753967285,1.8289189338684082,2.6272287368774414,9.92047119140625,2.5625360012054443
247.0,6.876133918762207,1.7431364059448242,2.6222383975982666,11.04498291015625,2.4728269577026367
248.0,7.0307207107543945,1.7432763576507568,2.651550531387329,12.324813842773438,2.4998958110809326
249.0,6.434770107269287,1.6886565685272217,2.53668475151062,9.61077880859375,2.479309320449829
250.0,6.4240498542785645,1.6905028820037842,2.5345709323883057,9.545852661132812,2.437546730041504
251.0,6.460899829864502,1.6335853338241577,2.541830062866211,10.042892456054688,2.367863178253174
252.0,6.377377033233643,1.7078721523284912,2.5253469944000244,11.0919189453125,2.43503999710083
253.0,6.390621662139893,1.7050949335098267,2.527967929840088,10.572372436523438,2.4477617740631104
254.0,6.052353382110596,1.5804519653320312,2.460153102874756,10.12890625,2.3286654949188232
255.0,6.003719329833984,1.6045676469802856,2.4502487182617188,9.530776977539062,2.346109390258789
256.0,6.134402275085449,1.674716830253601,2.4767725467681885,9.8570556640625,2.3963558673858643
257.0,6.370817184448242,1.673032522201538,2.5240478515625,11.168670654296875,2.4248266220092773
258.0,6.4509148597717285,1.7199009656906128,2.539865016937256,9.779327392578125,2.4583804607391357
259.0,6.733224868774414,1.78462815284729,2.594845771789551,9.561782836914062,2.668957471847534
260.0,6.716775894165039,1.8141483068466187,2.591674327850342,9.568679809570312,2.7835500240325928
261.0,6.330940246582031,1.700982689857483,2.5161359310150146,10.129531860351562,2.4315037727355957
262.0,5.903031826019287,1.5907272100448608,2.4296154975891113,9.490524291992188,2.346496820449829
263.0,6.188436031341553,1.636270523071289,2.487656831741333,11.03375244140625,2.3847031593322754
264.0,6.089453220367432,1.658288836479187,2.467681646347046,10.7529296875,2.3926475048065186
265.0,5.8108954429626465,1.6068568229675293,2.4105799198150635,9.330810546875,2.33212947845459
266.0,5.81844425201416,1.5786010026931763,2.4121451377868652,10.100997924804688,2.3221476078033447
267.0,6.582927227020264,1.8282121419906616,2.5657215118408203,9.070465087890625,2.7133147716522217
268.0,7.438274383544922,1.9974154233932495,2.7273199558258057,11.14532470703125,3.0905165672302246
269.0,10.664857864379883,2.293438196182251,3.265709400177002,13.559661865234375,3.1649866104125977
270.0,7.8647894859313965,1.9575966596603394,2.8044230937957764,12.702072143554688,2.5714685916900635
271.0,8.175750732421875,1.8826791048049927,2.8593270778656006,13.0806884765625,2.582559585571289
272.0,7.051310062408447,1.791392207145691,2.655430316925049,13.085906982421875,2.432764768600464
273.0,5.789514064788818,1.6264967918395996,2.4061408042907715,9.428298950195312,2.35428524017334
274.0,5.875244140625,1.5622079372406006,2.4238903522491455,10.295547485351562,2.3021647930145264
275.0,6.326460838317871,1.7230273485183716,2.5152456760406494,10.641616821289062,2.3808295726776123
276.0,5.6524224281311035,1.5976057052612305,2.3774824142456055,9.00030517578125,2.3124806880950928
277.0,6.093177795410156,1.6338083744049072,2.4684362411499023,9.010482788085938,2.36954927444458
278.0,5.550333023071289,1.5991370677947998,2.35591459274292,9.051895141601562,2.3052756786346436
279.0,5.790412425994873,1.5855896472930908,2.406327486038208,9.5477294921875,2.304981231689453
280.0,5.777611255645752,1.6353495121002197,2.4036662578582764,9.293472290039062,2.3372414112091064
281.0,6.560881614685059,1.7704639434814453,2.5614218711853027,10.376480102539062,2.6312255859375
282.0,6.3470048904418945,1.7560290098190308,2.5193262100219727,10.126998901367188,2.6423861980438232
283.0,6.593632221221924,1.7988754510879517,2.5678069591522217,10.304489135742188,2.7526724338531494
284.0,6.618248462677002,1.797151803970337,2.5725955963134766,9.915695190429688,2.5189905166625977
285.0,6.826587677001953,1.8061152696609497,2.612773895263672,10.194259643554688,2.5465521812438965
286.0,5.933280944824219,1.6728901863098145,2.4358327388763428,10.451995849609375,2.4764788150787354
287.0,6.061370849609375,1.6408976316452026,2.4619851112365723,10.78790283203125,2.4015953540802
288.0,5.415213584899902,1.5655264854431152,2.327061176300049,9.55108642578125,2.2533488273620605
289.0,5.433350086212158,1.563675880432129,2.3309547901153564,9.094558715820312,2.2871081829071045
290.0,5.339884281158447,1.5076684951782227,2.310818910598755,8.552627563476562,2.22471022605896
291.0,6.019171237945557,1.7045000791549683,2.453399896621704,8.98828125,2.3551793098449707
292.0,5.756060600280762,1.6376065015792847,2.399179220199585,9.564468383789062,2.4221038818359375
293.0,6.656527042388916,1.794460654258728,2.5800247192382812,9.104812622070312,2.574875831604004
294.0,5.369900703430176,1.51761794090271,2.3173046112060547,9.496170043945312,2.203181743621826
295.0,5.645326614379883,1.6244796514511108,2.3759896755218506,9.434280395507812,2.378803014755249
296.0,7.326996803283691,1.8901654481887817,2.7068426609039307,11.969329833984375,2.4783287048339844
297.0,6.991516590118408,1.7971640825271606,2.6441476345062256,11.042251586914062,2.543722629547119
298.0,6.179570198059082,1.7570610046386719,2.4858741760253906,8.77593994140625,2.5163917541503906
299.0,5.428496360778809,1.6124820709228516,2.329913377761841,9.116607666015625,2.3659350872039795
300.0,5.802023410797119,1.5833879709243774,2.408738851547241,9.312973022460938,2.292194128036499
301.0,5.6362810134887695,1.6189095973968506,2.3740851879119873,8.981124877929688,2.340484857559204
302.0,5.338837623596191,1.549552083015442,2.3105924129486084,9.853271484375,2.246358871459961
303.0,5.1423659324646,1.5155731439590454,2.2676784992218018,8.82037353515625,2.201740026473999
304.0,6.4848246574401855,1.744170904159546,2.546531915664673,10.052993774414062,2.387197256088257
305.0,6.352624416351318,1.77740478515625,2.5204412937164307,10.801422119140625,2.6179118156433105
306.0,5.523724555969238,1.564457654953003,2.3502604961395264,8.792587280273438,2.260065793991089
307.0,5.950024604797363,1.7177021503448486,2.439267158508301,9.788772583007812,2.413090705871582
308.0,5.647063255310059,1.6387865543365479,2.376354932785034,8.600021362304688,2.4577829837799072
309.0,5.219388484954834,1.4952678680419922,2.2845981121063232,8.543533325195312,2.1620278358459473
310.0,5.0883612632751465,1.4942116737365723,2.255739688873291,9.284271240234375,2.1509246826171875
311.0,5.132317066192627,1.5418758392333984,2.2654616832733154,9.1971435546875,2.1828320026397705
312.0,5.803109169006348,1.6219277381896973,2.4089643955230713,9.211776733398438,2.3471145629882812
313.0,6.630993843078613,1.794249415397644,2.5750715732574463,10.214630126953125,2.4847559928894043
314.0,6.106843948364258,1.6837917566299438,2.471202850341797,8.895477294921875,2.341536521911621
315.0,5.146548271179199,1.5327495336532593,2.2686004638671875,9.4495849609375,2.1641106605529785
316.0,4.884737014770508,1.4712674617767334,2.21014404296875,8.278396606445312,2.133131265640259
317.0,4.877137184143066,1.462809681892395,2.2084240913391113,8.337631225585938,2.121946334838867
318.0,5.141948699951172,1.5064798593521118,2.2675864696502686,10.612823486328125,2.1683075428009033
319.0,5.515283107757568,1.6071410179138184,2.348464012145996,9.257827758789062,2.423076868057251
320.0,5.977126121520996,1.7439390420913696,2.4448161125183105,8.985397338867188,2.7837460041046143
321.0,5.513177871704102,1.608355164527893,2.348015785217285,9.926422119140625,2.31362247467041
322.0,5.048954963684082,1.4487552642822266,2.24698805809021,7.9699554443359375,2.1060235500335693
323.0,5.5238871574401855,1.6070867776870728,2.350295066833496,9.05389404296875,2.3855907917022705
324.0,5.273998260498047,1.5573190450668335,2.2965188026428223,8.47320556640625,2.2519946098327637
325.0,5.076090335845947,1.4720970392227173,2.2530181407928467,9.227920532226562,2.092456340789795
326.0,4.955539703369141,1.5339900255203247,2.226104259490967,9.04022216796875,2.2245309352874756
327.0,5.644730091094971,1.6650854349136353,2.375864028930664,8.130752563476562,2.307866096496582
328.0,9.183162689208984,2.2968459129333496,3.0303733348846436,9.277450561523438,3.143721103668213
329.0,7.943983554840088,2.0116870403289795,2.818507432937622,9.623992919921875,2.961764335632324
330.0,5.99340295791626,1.7127535343170166,2.4481427669525146,9.077423095703125,2.3308794498443604
331.0,5.736416339874268,1.6802902221679688,2.3950817584991455,9.602783203125,2.2760884761810303
332.0,5.6489152908325195,1.6772375106811523,2.3767447471618652,9.057388305664062,2.6309103965759277
333.0,5.73187780380249,1.6677558422088623,2.394134044647217,10.7080078125,2.559842348098755
334.0,9.661116600036621,2.207228183746338,3.108233690261841,11.974777221679688,2.925795078277588
335.0,6.641237258911133,1.8046029806137085,2.577059745788574,10.575698852539062,2.317502975463867
336.0,5.095741271972656,1.5434988737106323,2.2573747634887695,8.062820434570312,2.1551876068115234
337.0,4.703083515167236,1.436805009841919,2.1686594486236572,8.026580810546875,2.0807669162750244
338.0,4.934537410736084,1.447271704673767,2.221381902694702,8.988677978515625,2.0914902687072754
339.0,4.840675354003906,1.4634251594543457,2.2001535892486572,9.056045532226562,2.0907535552978516
340.0,6.330755233764648,1.6819027662277222,2.516099214553833,10.66363525390625,2.428196668624878
341.0,5.884612083435059,1.72153902053833,2.4258220195770264,9.775970458984375,2.484504222869873
342.0,6.128506660461426,1.8329946994781494,2.4755821228027344,9.443710327148438,3.0925323963165283
343.0,5.174342155456543,1.5761607885360718,2.2747180461883545,8.902267456054688,2.321918249130249
344.0,4.781557559967041,1.4564411640167236,2.1866772174835205,7.602203369140625,2.085573434829712
345.0,5.517308235168457,1.661348819732666,2.3488950729370117,8.777084350585938,2.4817895889282227
346.0,5.810518741607666,1.723963975906372,2.410501718521118,8.602340698242188,2.518803358078003
347.0,5.9145941734313965,1.6829389333724976,2.4319939613342285,9.389511108398438,2.4572105407714844
348.0,4.938296794891357,1.4617091417312622,2.2222278118133545,8.674057006835938,2.0739879608154297
349.0,4.943532943725586,1.4909945726394653,2.223405599594116,8.474609375,2.0822842121124268
350.0,5.599421977996826,1.6161431074142456,2.366309881210327,8.911865234375,2.2767441272735596
351.0,4.66766881942749,1.4388258457183838,2.1604788303375244,8.009445190429688,2.0274124145507812
352.0,5.523478984832764,1.6409313678741455,2.350208282470703,10.62701416015625,2.319962978363037
353.0,6.096768379211426,1.6622663736343384,2.469163417816162,10.235855102539062,2.452057361602783
354.0,5.480373859405518,1.6078834533691406,2.341019868850708,10.5567626953125,2.166572093963623
355.0,4.701753616333008,1.4259463548660278,2.1683528423309326,8.318161010742188,2.0648701190948486
356.0,5.103067398071289,1.5901304483413696,2.2589969635009766,9.42584228515625,2.3016021251678467
357.0,4.440004825592041,1.4062037467956543,2.1071319580078125,7.84100341796875,2.054136037826538
358.0,4.9255242347717285,1.4820985794067383,2.2193522453308105,9.189224243164062,2.149751663208008
359.0,4.828964710235596,1.506109595298767,2.1974904537200928,8.922637939453125,2.145989179611206
360.0,4.843135356903076,1.4315674304962158,2.2007124423980713,9.190505981445312,2.028297185897827
361.0,4.704288005828857,1.5044653415679932,2.1689369678497314,8.162490844726562,2.24493670463562
362.0,5.8471479415893555,1.7540943622589111,2.4180877208709717,8.066513061523438,2.6273066997528076
363.0,7.212539196014404,2.0443778038024902,2.685617208480835,8.3267822265625,3.0158438682556152
364.0,5.555576324462891,1.6323621273040771,2.357027053833008,7.798858642578125,2.423828601837158
365.0,4.946618556976318,1.52296781539917,2.2240993976593018,7.5721588134765625,2.143878698348999
366.0,5.5682806968688965,1.6257368326187134,2.359720468521118,8.621734619140625,2.3462436199188232
367.0,4.994748592376709,1.5328328609466553,2.234893321990967,9.326873779296875,2.0980868339538574
368.0,4.661186218261719,1.4715018272399902,2.15897798538208,7.6114501953125,2.088135242462158
369.0,4.79401159286499,1.4640581607818604,2.189523220062256,7.2970123291015625,2.0841450691223145
370.0,5.242546081542969,1.5692777633666992,2.289660692214966,7.710693359375,2.1775784492492676
371.0,4.397156238555908,1.4105727672576904,2.0969398021698,8.220077514648438,1.985866904258728
372.0,4.434657573699951,1.39594304561615,2.105862617492676,7.8966217041015625,1.9709348678588867
373.0,4.437033176422119,1.4222809076309204,2.10642671585083,7.5912628173828125,2.037306547164917
374.0,4.879624843597412,1.5473538637161255,2.208987236022949,8.6461181640625,2.1793651580810547
375.0,4.765870094299316,1.4496194124221802,2.1830873489379883,8.304458618164062,2.0910937786102295
376.0,4.293482780456543,1.363579511642456,2.0720720291137695,7.1750335693359375,1.9509475231170654
377.0,4.945265293121338,1.5985594987869263,2.223795175552368,8.679580688476562,2.275726556777954
378.0,4.6309309005737305,1.513850450515747,2.1519598960876465,7.0296173095703125,2.3184900283813477
379.0,4.943110942840576,1.5166072845458984,2.223310708999634,9.071929931640625,2.0636048316955566
380.0,6.420446872711182,1.8142951726913452,2.533859968185425,9.143463134765625,2.5437917709350586
381.0,4.421222686767578,1.4217416048049927,2.102670431137085,7.1152801513671875,1.9968165159225464
382.0,5.264878749847412,1.586737871170044,2.294532299041748,7.926177978515625,2.1487674713134766
383.0,7.2026848793029785,2.052006483078003,2.683781862258911,8.217864990234375,3.14518404006958
384.0,10.067353248596191,2.617879867553711,3.1729092597961426,9.7413330078125,4.787200927734375
385.0,8.145065307617188,2.3186962604522705,2.8539559841156006,8.302108764648438,4.322288513183594
386.0,4.967320442199707,1.5012987852096558,2.2287485599517822,8.434280395507812,2.2916595935821533
387.0,4.376661777496338,1.4521877765655518,2.0920472145080566,7.3970947265625,2.0573623180389404
388.0,4.38272762298584,1.407087802886963,2.093496561050415,7.843109130859375,1.9621429443359375
389.0,5.088325500488281,1.5492697954177856,2.2557315826416016,7.837554931640625,2.1203930377960205
390.0,4.8780670166015625,1.4885183572769165,2.208634614944458,7.5324554443359375,2.0245559215545654
391.0,5.383275508880615,1.5940533876419067,2.3201887607574463,9.026092529296875,2.1849184036254883
392.0,7.923316478729248,2.2016913890838623,2.8148386478424072,8.3919677734375,3.536086082458496
393.0,6.848604202270508,2.0172903537750244,2.6169838905334473,7.2304534912109375,3.2685394287109375
394.0,5.014734268188477,1.5832897424697876,2.2393603324890137,8.28546142578125,2.2758634090423584
395.0,4.582655906677246,1.4491982460021973,2.140713930130005,7.5712890625,2.0996572971343994
396.0,5.8103461265563965,1.6897640228271484,2.410465955734253,9.049652099609375,2.3411693572998047
397.0,7.681155681610107,1.9410455226898193,2.7714898586273193,10.352142333984375,2.498342514038086
398.0,4.3098273277282715,1.4051976203918457,2.076012372970581,7.240264892578125,1.9813114404678345
399.0,4.221638202667236,1.3754757642745972,2.0546624660491943,7.390411376953125,1.9477479457855225
400.0,4.523936748504639,1.411004900932312,2.1269547939300537,7.9748992919921875,1.974623441696167
401.0,4.203035831451416,1.4064582586288452,2.050130605697632,7.1480712890625,2.0710315704345703
402.0,5.3935112953186035,1.6628884077072144,2.3223934173583984,9.734619140625,2.499696731567383
403.0,4.681445121765137,1.4136738777160645,2.1636648178100586,7.541839599609375,1.9711556434631348
404.0,4.20794153213501,1.378819465637207,2.0513267517089844,7.595489501953125,2.0171096324920654
405.0,4.675113201141357,1.5264085531234741,2.162200927734375,7.4297027587890625,2.0796592235565186
406.0,4.796515464782715,1.5354219675064087,2.1900949478149414,6.845611572265625,2.0541205406188965
407.0,9.53316879272461,2.334670305252075,3.087583065032959,9.883270263671875,3.2182297706604004
408.0,4.786819934844971,1.5242506265640259,2.187880277633667,8.87432861328125,2.132016181945801
409.0,6.014139652252197,1.8124823570251465,2.452374219894409,8.4349365234375,2.678356170654297
410.0,6.445335388183594,1.900107741355896,2.538766622543335,7.71026611328125,2.853898048400879
411.0,4.315332889556885,1.4312082529067993,2.0773379802703857,6.6983489990234375,1.9590208530426025
412.0,5.070509910583496,1.5584111213684082,2.251779317855835,7.3419036865234375,2.091477632522583
413.0,6.21743106842041,1.8800632953643799,2.4934778213500977,7.80841064453125,2.895569324493408
414.0,7.072890281677246,2.0158143043518066,2.6594905853271484,8.385879516601562,3.1948912143707275
415.0,5.816855430603027,1.819936752319336,2.411815881729126,7.095001220703125,2.780917167663574
416.0,4.375795364379883,1.3597608804702759,2.0918402671813965,7.938995361328125,1.954969048500061
417.0,4.292461395263672,1.416375756263733,2.0718255043029785,9.045150756835938,1.9634168148040771
418.0,4.087054252624512,1.338417649269104,2.021646499633789,6.9681396484375,1.9096486568450928
419.0,4.116728782653809,1.398490309715271,2.0289723873138428,7.3935394287109375,1.964889645576477
420.0,4.105169296264648,1.3432683944702148,2.0261218547821045,7.324615478515625,1.9092490673065186
421.0,5.178926944732666,1.5415388345718384,2.2757256031036377,8.29986572265625,2.130262613296509
422.0,4.754732131958008,1.5150889158248901,2.180534839630127,8.895172119140625,2.2066972255706787
423.0,6.4107866287231445,1.8582063913345337,2.5319530963897705,8.267745971679688,2.75638747215271
424.0,4.830883979797363,1.5167269706726074,2.197927236557007,7.938140869140625,2.2645649909973145
425.0,3.9863386154174805,1.3693751096725464,1.9965816736221313,6.7011260986328125,1.9141554832458496
426.0,4.953416347503662,1.517572283744812,2.2256271839141846,8.734130859375,2.182494878768921
427.0,3.979252338409424,1.3029359579086304,1.9948062896728516,7.1009979248046875,1.8676284551620483
428.0,3.9538674354553223,1.3409981727600098,1.9884333610534668,7.2627716064453125,1.8846964836120605
429.0,4.1123833656311035,1.3787505626678467,2.0279011726379395,7.0724639892578125,1.9737515449523926
430.0,4.713131427764893,1.400033712387085,2.1709747314453125,9.201889038085938,1.9539823532104492
431.0,5.2958784103393555,1.7507749795913696,2.3012776374816895,8.774826049804688,2.7792789936065674
432.0,7.038449764251709,1.9598811864852905,2.653007745742798,8.433547973632812,3.1211321353912354
433.0,5.8499579429626465,1.8697001934051514,2.418668746948242,6.866180419921875,3.1128809452056885
434.0,5.794254302978516,1.8147283792495728,2.40712571144104,7.5739593505859375,2.8620083332061768
435.0,12.225017547607422,2.9223086833953857,3.496429204940796,9.075531005859375,4.757080078125
436.0,7.481762886047363,2.0780832767486572,2.735281229019165,9.076324462890625,3.3237597942352295
437.0,5.880573272705078,1.8165584802627563,2.4249892234802246,7.29290771484375,2.7068448066711426
438.0,4.0970001220703125,1.393070101737976,2.0241048336029053,7.0804290771484375,1.978263258934021
439.0,4.2373223304748535,1.4310106039047241,2.0584757328033447,7.2565155029296875,1.9349091053009033
440.0,3.919015407562256,1.3251794576644897,1.9796503782272339,7.282958984375,1.8652269840240479
441.0,5.612052917480469,1.7597911357879639,2.3689770698547363,8.057952880859375,2.5557048320770264
442.0,5.022791385650635,1.594688057899475,2.2411584854125977,7.24151611328125,2.3353962898254395
443.0,3.9983999729156494,1.3295161724090576,1.9995999336242676,6.90936279296875,1.8943166732788086
444.0,5.6630425453186035,1.6764039993286133,2.3797147274017334,8.445587158203125,2.227147102355957
445.0,4.8125176429748535,1.5177481174468994,2.1937451362609863,7.8548583984375,1.9751704931259155
446.0,4.111825466156006,1.3762691020965576,2.027763605117798,6.97125244140625,2.0687270164489746
447.0,4.005611419677734,1.4177656173706055,2.0014023780822754,7.3389739990234375,2.160778284072876
448.0,4.87152624130249,1.579687237739563,2.2071533203125,7.36163330078125,2.2211623191833496
449.0,4.617493629455566,1.559035062789917,2.1488354206085205,7.452484130859375,2.2628097534179688
450.0,4.461982727050781,1.500123143196106,2.1123406887054443,6.9488067626953125,2.3313822746276855
451.0,3.846850633621216,1.3750357627868652,1.961338996887207,6.428009033203125,2.0726497173309326
452.0,3.9245357513427734,1.3014557361602783,1.981044054031372,7.0672607421875,1.8626492023468018
453.0,4.142613887786865,1.3547868728637695,2.035341262817383,7.91748046875,1.9923739433288574
454.0,6.410179138183594,1.7644822597503662,2.5318331718444824,9.533096313476562,2.175954580307007
455.0,4.520764350891113,1.4283061027526855,2.126209020614624,7.42193603515625,1.9582427740097046
456.0,3.819369077682495,1.3615102767944336,1.9543206691741943,6.3153533935546875,2.015312433242798
457.0,4.627014636993408,1.4951262474060059,2.1510496139526367,7.17987060546875,2.0371646881103516
458.0,5.327228546142578,1.59102463722229,2.3080790042877197,8.355453491210938,2.100400686264038
459.0,4.022504806518555,1.380652904510498,2.0056183338165283,6.5381011962890625,1.9183807373046875
460.0,4.101001739501953,1.342123031616211,2.0250930786132812,7.4709930419921875,1.9501163959503174
461.0,4.614511489868164,1.5232079029083252,2.148141384124756,8.0811767578125,2.236867666244507
462.0,6.351874828338623,1.8702274560928345,2.5202925205230713,7.8979034423828125,2.6674931049346924
463.0,4.1926984786987305,1.4928302764892578,2.047607898712158,6.885650634765625,2.2662906646728516
464.0,4.903353214263916,1.5532917976379395,2.2143516540527344,8.278762817382812,2.073674201965332
465.0,4.2137980461120605,1.3550920486450195,2.0527536869049072,6.506744384765625,1.883980631828308
466.0,4.376125335693359,1.434855341911316,2.0919189453125,8.005233764648438,1.9336504936218262
467.0,4.085468292236328,1.389075756072998,2.021254062652588,6.2325439453125,1.9097464084625244
468.0,4.031308174133301,1.343471884727478,2.0078117847442627,7.509063720703125,1.9088618755340576
469.0,3.657278060913086,1.3033581972122192,1.9124010801315308,6.1290435791015625,1.8785476684570312
470.0,3.9678003787994385,1.2935110330581665,1.991933822631836,7.45721435546875,1.8147366046905518
471.0,3.8030121326446533,1.3407822847366333,1.9501312971115112,6.158966064453125,1.8582582473754883
472.0,3.627955436706543,1.2797638177871704,1.9047192335128784,6.450836181640625,1.8373217582702637
473.0,3.8591976165771484,1.3109163045883179,1.9644840955734253,7.084930419921875,1.8904474973678589
474.0,3.787491798400879,1.3237272500991821,1.9461479187011719,7.3104095458984375,1.8620272874832153
475.0,3.5876715183258057,1.2823187112808228,1.8941149711608887,6.206939697265625,1.815405249595642
476.0,3.8335540294647217,1.3365404605865479,1.9579464197158813,7.2045440673828125,1.8350176811218262
477.0,3.8199174404144287,1.2857640981674194,1.954460859298706,7.36590576171875,1.831183910369873
478.0,3.8374180793762207,1.3158506155014038,1.958932876586914,6.98956298828125,1.893310785293579
479.0,3.6467878818511963,1.3000969886779785,1.9096565246582031,6.774261474609375,1.9045332670211792
480.0,3.6167030334472656,1.2857756614685059,1.9017630815505981,6.903472900390625,1.8192728757858276
481.0,5.22463846206665,1.6502766609191895,2.2857468128204346,7.3207855224609375,2.2604000568389893
482.0,5.434666156768799,1.7368848323822021,2.3312370777130127,8.888092041015625,2.5997633934020996
483.0,3.9036591053009033,1.353859543800354,1.975767970085144,6.525726318359375,1.9388083219528198
484.0,5.076247692108154,1.6612975597381592,2.2530529499053955,7.8204345703125,2.6014716625213623
485.0,7.685860633850098,2.2751712799072266,2.772338390350342,8.974197387695312,3.7699568271636963
486.0,11.643641471862793,2.858844757080078,3.412277936935425,9.843536376953125,4.497732162475586
487.0,6.620538234710693,2.0272138118743896,2.573040723800659,7.751434326171875,3.359865427017212
488.0,5.216124057769775,1.6387126445770264,2.283883571624756,7.99884033203125,2.300149440765381
489.0,4.898648262023926,1.4537527561187744,2.2132890224456787,8.346282958984375,1.9752025604248047
490.0,3.8462562561035156,1.3768876791000366,1.961187481880188,7.0214080810546875,1.8734409809112549
491.0,4.258273601531982,1.3679027557373047,2.063558578491211,7.89947509765625,1.8739404678344727
492.0,5.588936805725098,1.6349836587905884,2.36409330368042,8.280838012695312,2.0468263626098633
493.0,4.549837112426758,1.423402190208435,2.1330347061157227,8.761871337890625,1.9840011596679688
494.0,3.993709087371826,1.3513530492782593,1.9984266757965088,7.746368408203125,1.8826968669891357
495.0,4.27570104598999,1.3837171792984009,2.067776918411255,7.806365966796875,1.90193510055542
496.0,3.830106496810913,1.3321255445480347,1.9570658206939697,6.163177490234375,1.880799651145935
497.0,3.601717233657837,1.3223904371261597,1.8978190422058105,6.5665435791015625,1.8879261016845703
498.0,4.354302406311035,1.4876474142074585,2.0866966247558594,7.437164306640625,2.067582845687866
499.0,5.296036720275879,1.7087684869766235,2.30131196975708,7.4555206298828125,2.4512710571289062
500.0,3.920752763748169,1.4024708271026611,1.9800890684127808,6.8558349609375,2.1221961975097656
501.0,3.6520590782165527,1.3316503763198853,1.9110361337661743,6.357879638671875,1.9785981178283691
502.0,4.1359992027282715,1.4145793914794922,2.0337157249450684,7.1112518310546875,1.9457135200500488
503.0,3.660292387008667,1.3190109729766846,1.9131890535354614,6.790130615234375,1.8342742919921875
504.0,3.6943795680999756,1.2819595336914062,1.922076940536499,6.85150146484375,1.8677586317062378
505.0,3.521013021469116,1.2800976037979126,1.8764362335205078,7.0839080810546875,1.8165615797042847
506.0,3.7550981044769287,1.336708903312683,1.937807559967041,6.707794189453125,1.8452661037445068
507.0,5.727557182312012,1.7128896713256836,2.3932316303253174,7.52703857421875,2.255054235458374
508.0,4.890364170074463,1.5159872770309448,2.211416721343994,7.83709716796875,2.003784656524658
509.0,4.312262535095215,1.3861134052276611,2.076598882675171,8.446701049804688,1.9974364042282104
510.0,4.32274866104126,1.467401385307312,2.0791220664978027,6.2896270751953125,2.02046537399292
511.0,6.140090465545654,1.8692556619644165,2.4779205322265625,8.359634399414062,2.733417510986328
512.0,4.833032131195068,1.5748389959335327,2.198415756225586,7.5267791748046875,2.222930908203125
513.0,11.831377029418945,2.813337802886963,3.4396767616271973,10.88653564453125,4.477866172790527
514.0,6.945584297180176,2.128230094909668,2.6354477405548096,7.60186767578125,3.6239590644836426
515.0,6.690353870391846,1.6886252164840698,2.5865719318389893,9.723846435546875,2.101928234100342
516.0,4.628778457641602,1.5011411905288696,2.1514596939086914,9.295166015625,1.9753711223602295
517.0,3.7370190620422363,1.3173507452011108,1.933137059211731,6.7292633056640625,1.897474765777588
518.0,3.833214521408081,1.3542382717132568,1.9578596353530884,7.391510009765625,1.867377758026123
519.0,4.046599388122559,1.4206675291061401,2.0116162300109863,7.206085205078125,2.106508731842041
520.0,3.389397382736206,1.2553343772888184,1.841031551361084,6.513946533203125,1.7664557695388794
521.0,3.3819210529327393,1.2528624534606934,1.8389999866485596,6.62884521484375,1.8073999881744385
522.0,3.331867218017578,1.2665132284164429,1.8253402709960938,5.854644775390625,1.7935067415237427
523.0,5.604234218597412,1.6973872184753418,2.367326498031616,9.17474365234375,2.3386623859405518
524.0,3.7312421798706055,1.2809897661209106,1.9316422939300537,7.416412353515625,1.8314162492752075
525.0,3.5219318866729736,1.3205692768096924,1.8766810894012451,6.4454498291015625,1.9567917585372925
526.0,4.020451068878174,1.4122289419174194,2.005106210708618,7.350006103515625,1.9663264751434326
527.0,3.393893003463745,1.2353140115737915,1.8422521352767944,6.637908935546875,1.7519162893295288
528.0,4.037818908691406,1.444116473197937,2.009432554244995,7.2278594970703125,2.176401138305664
529.0,4.050891399383545,1.4348827600479126,2.0126826763153076,6.8578338623046875,2.196230888366699
530.0,3.769674301147461,1.4160716533660889,1.941564917564392,7.31231689453125,2.1939783096313477
531.0,3.3345699310302734,1.2217639684677124,1.8260804414749146,6.4567108154296875,1.7575355768203735
532.0,3.7544913291931152,1.370632290840149,1.9376510381698608,6.969635009765625,1.8951681852340698
533.0,3.7132341861724854,1.340852975845337,1.9269753694534302,7.27996826171875,1.8701417446136475
534.0,3.9755053520202637,1.340686559677124,1.9938669204711914,7.948272705078125,1.9347995519638062
535.0,3.3851234912872314,1.2423924207687378,1.8398704528808594,6.5518646240234375,1.7780276536941528
536.0,4.656774997711182,1.547005295753479,2.157956123352051,7.7083587646484375,2.185451030731201
537.0,4.013848781585693,1.4262845516204834,2.0034592151641846,7.047576904296875,2.0253050327301025
538.0,4.093840599060059,1.4472585916519165,2.0233242511749268,7.742523193359375,2.19905161857605
539.0,3.2775118350982666,1.249082088470459,1.8103899955749512,6.682586669921875,1.7538537979125977
540.0,3.9258065223693848,1.343845248222351,1.9813648462295532,8.381103515625,1.8582956790924072
541.0,4.621685028076172,1.4612271785736084,2.149810552597046,8.656036376953125,1.8825629949569702
542.0,3.3825290203094482,1.2192145586013794,1.8391653299331665,7.598602294921875,1.8140203952789307
543.0,3.391484022140503,1.2848581075668335,1.8415982723236084,7.637847900390625,1.8786495923995972
544.0,3.670693874359131,1.3057605028152466,1.915905475616455,7.39691162109375,1.8158419132232666
545.0,3.3040149211883545,1.2652262449264526,1.817694902420044,6.9830322265625,1.794736623764038
546.0,4.552970886230469,1.4473962783813477,2.1337692737579346,7.812103271484375,1.9861290454864502
547.0,4.465361595153809,1.5238934755325317,2.113140106201172,7.98199462890625,2.236304521560669
548.0,4.159302711486816,1.5215842723846436,2.0394368171691895,6.891082763671875,2.5250191688537598
549.0,3.6930909156799316,1.3392443656921387,1.9217416048049927,7.71661376953125,2.1271376609802246
550.0,3.3478686809539795,1.2741565704345703,1.8297182321548462,6.619049072265625,1.805873155593872
551.0,3.437323808670044,1.3107985258102417,1.8540021181106567,5.6861724853515625,1.8469959497451782
552.0,3.820147752761841,1.3894741535186768,1.9545198678970337,7.77587890625,1.951048731803894
553.0,3.2545175552368164,1.305373191833496,1.8040281534194946,6.25958251953125,1.8565810918807983
554.0,3.089263439178467,1.1735354661941528,1.7576301097869873,6.084259033203125,1.7110275030136108
555.0,4.275419235229492,1.470207929611206,2.067708730697632,7.1229705810546875,1.919539213180542
556.0,8.968735694885254,2.3248050212860107,2.9947848320007324,9.030517578125,3.1506989002227783
557.0,3.501253366470337,1.2891472578048706,1.8711636066436768,5.765552520751953,1.8797751665115356
558.0,4.390732288360596,1.471157193183899,2.095407485961914,7.727874755859375,2.029862403869629
559.0,3.356191635131836,1.270263671875,1.831991195678711,6.10296630859375,1.8260339498519897
560.0,4.294163703918457,1.4708530902862549,2.0722362995147705,7.97808837890625,2.1080968379974365
561.0,3.948639392852783,1.3672692775726318,1.9871183633804321,7.81988525390625,1.9590705633163452
562.0,4.637991428375244,1.5637781620025635,2.153599739074707,7.9520416259765625,2.2147819995880127
563.0,4.87129020690918,1.6502585411071777,2.2070999145507812,7.473480224609375,2.4592974185943604
564.0,3.60530686378479,1.2879658937454224,1.8987646102905273,7.358489990234375,1.856162190437317
565.0,3.5911200046539307,1.3466006517410278,1.8950250148773193,6.7998504638671875,1.934169054031372
566.0,5.126763343811035,1.5885564088821411,2.264235734939575,8.802032470703125,2.2450475692749023
567.0,4.076745510101318,1.3609256744384766,2.0190951824188232,8.819015502929688,1.835878610610962
568.0,3.9069302082061768,1.3754159212112427,1.9765956401824951,7.162445068359375,1.8695993423461914
569.0,3.0645267963409424,1.2147064208984375,1.7505789995193481,6.166656494140625,1.7706019878387451
570.0,3.1842763423919678,1.2486693859100342,1.784454107284546,6.5543060302734375,1.74440598487854
571.0,2.979978322982788,1.180349349975586,1.7262613773345947,5.430206298828125,1.6882882118225098
572.0,2.9782140254974365,1.1793020963668823,1.7257503271102905,5.985260009765625,1.7014158964157104
573.0,3.174525737762451,1.2328388690948486,1.7817199230194092,5.4862823486328125,1.7726391553878784
574.0,3.3347768783569336,1.279311180114746,1.8261371850967407,6.7178955078125,1.845065712928772
575.0,2.9773385524749756,1.1690045595169067,1.7254966497421265,5.780059814453125,1.6920102834701538
576.0,4.345229625701904,1.6273869276046753,2.084521532058716,6.237548828125,2.5411012172698975
577.0,4.729220867156982,1.6368892192840576,2.1746771335601807,7.522705078125,2.456843376159668
578.0,3.8146073818206787,1.4274386167526245,1.9531019926071167,6.1063690185546875,1.9969384670257568
579.0,4.5947265625,1.4714800119400024,2.143531322479248,7.37762451171875,1.9955458641052246
580.0,3.502119302749634,1.3369020223617554,1.8713949918746948,7.570098876953125,1.8740044832229614
581.0,2.956474542617798,1.2102574110031128,1.719440221786499,5.8367919921875,1.7720369100570679
582.0,3.658118963241577,1.2431974411010742,1.912621021270752,7.529266357421875,1.7648051977157593
583.0,2.9919865131378174,1.226369023323059,1.7297359704971313,6.550537109375,1.7304291725158691
584.0,3.2509260177612305,1.193081259727478,1.803032398223877,7.2160186767578125,1.7152425050735474
585.0,3.3802552223205566,1.2641111612319946,1.8385469913482666,7.3190460205078125,1.791703701019287
586.0,2.983666181564331,1.189335584640503,1.7273292541503906,5.827789306640625,1.6827203035354614
587.0,2.871112823486328,1.161586880683899,1.6944358348846436,5.951690673828125,1.6658306121826172
588.0,3.4485342502593994,1.336265206336975,1.857023000717163,6.3032379150390625,1.9207037687301636
589.0,4.188156604766846,1.4255121946334839,2.0464985370635986,7.4839019775390625,1.848666787147522
590.0,3.2134594917297363,1.1916983127593994,1.7926124334335327,6.718536376953125,1.6971945762634277
591.0,3.0329902172088623,1.2163269519805908,1.7415481805801392,5.545318603515625,1.7681982517242432
592.0,3.419466733932495,1.299072027206421,1.849179983139038,7.3464508056640625,1.7800869941711426
593.0,2.947495460510254,1.1713721752166748,1.716827154159546,5.84942626953125,1.6585220098495483
594.0,2.845207929611206,1.1530342102050781,1.6867743730545044,6.137420654296875,1.6468267440795898
595.0,3.044097900390625,1.202641487121582,1.744734287261963,6.738983154296875,1.8105030059814453
596.0,4.097644805908203,1.4116270542144775,2.024264097213745,7.0270233154296875,1.9122838973999023
597.0,4.07623291015625,1.4563132524490356,2.018968343734741,8.33087158203125,2.1159772872924805
598.0,3.0221290588378906,1.2347170114517212,1.7384271621704102,5.6851806640625,1.822199821472168
599.0,5.685371398925781,1.8325303792953491,2.384401798248291,8.132354736328125,2.6197285652160645
600.0,4.6837053298950195,1.6307111978530884,2.164186954498291,7.012298583984375,2.2670416831970215
601.0,3.4566078186035156,1.2751922607421875,1.8591954708099365,6.506744384765625,1.7991881370544434
602.0,3.633228302001953,1.3352421522140503,1.9061028957366943,7.5724029541015625,1.8331375122070312
603.0,3.9740028381347656,1.3050601482391357,1.9934900999069214,7.733062744140625,1.8200052976608276
604.0,3.906172752380371,1.3920938968658447,1.9764039516448975,7.6583404541015625,1.810970664024353
605.0,4.111853122711182,1.4689866304397583,2.027770519256592,7.2156982421875,2.19566011428833
606.0,4.366508483886719,1.615059494972229,2.0896191596984863,7.74810791015625,2.6398651599884033
607.0,2.839653253555298,1.1378484964370728,1.6851270198822021,5.766998291015625,1.6512030363082886
608.0,3.8955178260803223,1.436387300491333,1.973706603050232,7.350921630859375,2.126703977584839
609.0,2.860248327255249,1.1780608892440796,1.691226840019226,6.2403564453125,1.6955054998397827
610.0,3.5294244289398193,1.3331937789916992,1.8786762952804565,7.233245849609375,1.853563666343689
611.0,3.2673580646514893,1.2525482177734375,1.8075834512710571,7.2037353515625,1.7653342485427856
612.0,3.713289976119995,1.4415645599365234,1.9269899129867554,7.451507568359375,2.218622922897339
613.0,4.667385101318359,1.6712617874145508,2.1604132652282715,7.1632080078125,2.7436413764953613
614.0,3.1252799034118652,1.240211009979248,1.7678461074829102,6.999298095703125,1.9467225074768066
615.0,3.3593039512634277,1.2948631048202515,1.8328404426574707,6.0330047607421875,1.8802905082702637
616.0,4.3004584312438965,1.3647418022155762,2.0737547874450684,8.70916748046875,1.8638100624084473
617.0,4.422671794891357,1.5604370832443237,2.1030149459838867,7.370758056640625,2.2995691299438477
618.0,6.263143062591553,1.8538979291915894,2.50262713432312,9.616302490234375,2.723341226577759
619.0,9.488265037536621,2.342008352279663,3.0803027153015137,9.325408935546875,3.019059181213379
620.0,3.8009743690490723,1.4330064058303833,1.9496088027954102,6.7552337646484375,2.157160758972168
621.0,4.468268871307373,1.582962989807129,2.11382794380188,6.491973876953125,2.5150797367095947
622.0,3.2594735622406006,1.304149866104126,1.8054012060165405,6.508880615234375,1.7913079261779785
623.0,3.0310728549957275,1.2653204202651978,1.7409976720809937,6.194671630859375,1.9389292001724243
624.0,3.604717254638672,1.3601804971694946,1.8986092805862427,7.04986572265625,1.9916685819625854
625.0,3.045585870742798,1.1948200464248657,1.745160698890686,6.2454071044921875,1.7028542757034302
626.0,2.7938828468322754,1.1604430675506592,1.6714911460876465,5.760101318359375,1.6716370582580566
627.0,4.204864501953125,1.4619401693344116,2.050576686859131,7.6318359375,1.9675078392028809
628.0,2.8222649097442627,1.1493990421295166,1.679959774017334,6.61370849609375,1.6314973831176758
629.0,2.8397510051727295,1.1341246366500854,1.6851561069488525,6.5139007568359375,1.6606621742248535
630.0,3.1844985485076904,1.2015677690505981,1.7845163345336914,6.667022705078125,1.7837144136428833
631.0,2.9924020767211914,1.195186972618103,1.7298561334609985,6.76361083984375,1.6703697443008423
632.0,3.4381015300750732,1.326630711555481,1.8542118072509766,7.1922607421875,1.8804734945297241
633.0,2.840569257736206,1.1820420026779175,1.685398817062378,5.73699951171875,1.7379440069198608
634.0,3.054947853088379,1.2794369459152222,1.7478408813476562,5.962310791015625,1.8594906330108643
635.0,3.854398012161255,1.473036766052246,1.9632620811462402,7.470733642578125,2.3571412563323975
636.0,3.4960570335388184,1.3085298538208008,1.869774580001831,7.207244873046875,1.936389446258545
637.0,3.1479015350341797,1.2247180938720703,1.7742326259613037,5.677764892578125,1.6877038478851318
638.0,3.0906662940979004,1.2091530561447144,1.7580291032791138,7.0535430908203125,1.7062684297561646
639.0,2.71136212348938,1.1131645441055298,1.6466214656829834,5.63848876953125,1.6106210947036743
640.0,3.239777088165283,1.1990400552749634,1.7999380826950073,7.220062255859375,1.754772424697876
641.0,2.862900972366333,1.2200533151626587,1.6920108795166016,5.458038330078125,1.7347285747528076
642.0,3.4645590782165527,1.281867504119873,1.861332654953003,6.5732879638671875,1.7038488388061523
643.0,3.1360740661621094,1.2280926704406738,1.7708964347839355,6.996734619140625,1.8918646574020386
644.0,2.774407386779785,1.1286627054214478,1.665655255317688,6.473785400390625,1.6528565883636475
645.0,3.7001137733459473,1.3424113988876343,1.9235680103302002,7.98590087890625,1.904528260231018
646.0,3.3355703353881836,1.2383414506912231,1.8263543844223022,6.7773590087890625,1.7331788539886475
647.0,2.9045958518981934,1.200194239616394,1.7042875289916992,6.4199066162109375,1.749678373336792
648.0,2.8956527709960938,1.2152118682861328,1.7016618251800537,6.074249267578125,1.7506120204925537
649.0,4.749160289764404,1.4868053197860718,2.1792569160461426,7.668609619140625,1.944406270980835
650.0,3.1464807987213135,1.243431568145752,1.7738322019577026,6.81219482421875,1.784395456314087
651.0,4.036135196685791,1.4386975765228271,2.0090134143829346,6.926116943359375,1.9191138744354248
652.0,3.198150634765625,1.2417826652526855,1.7883373498916626,7.3776397705078125,1.6719436645507812
653.0,3.0626673698425293,1.1822798252105713,1.7500478029251099,6.0118408203125,1.768772840499878
654.0,3.173909902572632,1.229963779449463,1.7815470695495605,6.89434814453125,1.8089003562927246
655.0,3.3383710384368896,1.2241275310516357,1.8271210193634033,6.637359619140625,1.7406001091003418
656.0,2.762078046798706,1.1423132419586182,1.6619501113891602,5.76068115234375,1.6456842422485352
657.0,2.6606667041778564,1.1060912609100342,1.631155014038086,5.8878173828125,1.6143327951431274
658.0,3.1556663513183594,1.2457391023635864,1.7764195203781128,6.18719482421875,1.826709270477295
659.0,3.310908079147339,1.330414891242981,1.8195900917053223,6.412628173828125,1.8778482675552368
660.0,3.6000874042510986,1.359308123588562,1.8973896503448486,6.6304931640625,1.871054768562317
661.0,4.484204292297363,1.6366448402404785,2.117594003677368,6.9852142333984375,2.421999454498291
662.0,2.9515724182128906,1.1471638679504395,1.718014121055603,6.1216583251953125,1.7873952388763428
663.0,3.2464404106140137,1.248749852180481,1.801788091659546,7.15032958984375,1.7535723447799683
664.0,3.8083338737487793,1.3481619358062744,1.9514952898025513,7.8054351806640625,1.836034893989563
665.0,2.952171564102173,1.1294394731521606,1.7181884050369263,6.554229736328125,1.6196469068527222
666.0,2.639011859893799,1.0943883657455444,1.6245036125183105,5.9361114501953125,1.598745346069336
667.0,2.754819631576538,1.1922343969345093,1.6597648859024048,5.744049072265625,1.7404332160949707
668.0,2.765324115753174,1.1255061626434326,1.6629263162612915,5.979705810546875,1.6293996572494507
669.0,2.8930869102478027,1.1824448108673096,1.7009077072143555,5.9874725341796875,1.7027029991149902
670.0,3.2469282150268555,1.2546507120132446,1.8019235134124756,7.3229522705078125,1.6822723150253296
671.0,2.6809568405151367,1.1299258470535278,1.6373627185821533,5.88934326171875,1.7126281261444092
672.0,3.765941858291626,1.2417272329330444,1.940603494644165,7.6839752197265625,1.6956369876861572
673.0,5.414430618286133,1.7554041147232056,2.326892852783203,7.172576904296875,2.5830817222595215
674.0,4.377512454986572,1.5090471506118774,2.0922505855560303,7.0126953125,1.8580347299575806
675.0,2.8149735927581787,1.1681092977523804,1.677788257598877,5.71759033203125,1.6758673191070557
676.0,2.899506092071533,1.1983058452606201,1.7027935981750488,5.7235565185546875,1.7257999181747437
677.0,2.7225329875946045,1.1554875373840332,1.6500099897384644,6.143829345703125,1.6418527364730835
678.0,4.864518165588379,1.516432285308838,2.2055652141571045,8.139251708984375,2.0071918964385986
679.0,3.4534289836883545,1.218324899673462,1.8583403825759888,7.4698486328125,1.7266392707824707
680.0,3.0511348247528076,1.243764877319336,1.746749758720398,5.9316558837890625,1.8714686632156372
681.0,3.2792575359344482,1.3158087730407715,1.8108720779418945,5.9995574951171875,1.9229600429534912
682.0,3.7608885765075684,1.431801438331604,1.9393010139465332,6.8197021484375,2.235487937927246
683.0,2.7729270458221436,1.19481360912323,1.6652108430862427,6.13507080078125,1.6620196104049683
684.0,4.021674156188965,1.3142566680908203,2.005411148071289,7.52020263671875,1.7957501411437988
685.0,3.6096601486206055,1.451161503791809,1.899910569190979,5.937530517578125,2.323875665664673
686.0,4.873502254486084,1.717826247215271,2.2076010704040527,8.665313720703125,2.675981283187866
687.0,8.157282829284668,1.8899743556976318,2.856095790863037,11.013748168945312,2.370915651321411
688.0,4.626755237579346,1.589479684829712,2.150989294052124,7.66217041015625,2.89411997795105
689.0,4.4163594245910645,1.517235517501831,2.101513624191284,7.28448486328125,2.0607998371124268
690.0,7.080290794372559,1.6994189023971558,2.660881519317627,11.072509765625,2.0173373222351074
691.0,16.024127960205078,2.9029200077056885,4.003015041351318,15.30157470703125,3.924612283706665
692.0,10.528240203857422,2.4325220584869385,3.244724988937378,11.778350830078125,3.7786717414855957
693.0,10.794528007507324,2.113699436187744,3.2855026721954346,12.559127807617188,2.490288019180298
694.0,4.54586935043335,1.688942551612854,2.1321043968200684,7.6785888671875,3.1841673851013184
695.0,3.5435211658477783,1.4255329370498657,1.882424235343933,5.71014404296875,2.386300563812256
696.0,3.5014257431030273,1.3301360607147217,1.871209740638733,7.535797119140625,1.9232237339019775
697.0,3.0297653675079346,1.2485359907150269,1.7406221628189087,6.1363372802734375,1.9718687534332275
698.0,2.8277828693389893,1.2020115852355957,1.6816012859344482,6.9496612548828125,1.6625102758407593
699.0,2.6801388263702393,1.131730318069458,1.6371129751205444,5.4093475341796875,1.6091111898422241
700.0,2.6816658973693848,1.1555665731430054,1.637579321861267,5.704254150390625,1.6444534063339233
701.0,2.6749322414398193,1.1845662593841553,1.6355220079421997,5.975341796875,1.6918020248413086
702.0,3.5032689571380615,1.373260259628296,1.8717021942138672,7.4551239013671875,2.0753839015960693
703.0,3.981546401977539,1.4463601112365723,1.995381236076355,7.232177734375,2.2196946144104004
704.0,2.723311424255371,1.120600700378418,1.6502459049224854,5.970733642578125,1.6199313402175903
705.0,3.0206069946289062,1.2201088666915894,1.7379893064498901,6.1334381103515625,1.800234079360962
706.0,2.5497872829437256,1.1017757654190063,1.5968053340911865,5.730987548828125,1.5975110530853271
707.0,3.3046510219573975,1.2527210712432861,1.8178699016571045,6.9228363037109375,1.8408013582229614
708.0,5.1212592124938965,1.6453913450241089,2.2630200386047363,8.569534301757812,2.358241081237793
709.0,3.093273162841797,1.269986867904663,1.7587703466415405,6.505615234375,1.7935616970062256
710.0,7.035825729370117,2.119663715362549,2.652513027191162,9.023162841796875,3.477149486541748
711.0,3.172083854675293,1.3145318031311035,1.7810344696044922,6.2644195556640625,1.9762482643127441
712.0,2.97436785697937,1.2457609176635742,1.7246356010437012,6.614990234375,2.149716377258301
713.0,3.7735378742218018,1.3722084760665894,1.9425595998764038,7.2529754638671875,1.793304443359375
714.0,3.169701337814331,1.1870207786560059,1.7803654670715332,6.422760009765625,1.6962651014328003
715.0,3.153038740158081,1.229968786239624,1.7756798267364502,6.601287841796875,1.7379181385040283
716.0,2.8092286586761475,1.1483826637268066,1.6760753393173218,6.096038818359375,1.6844202280044556
717.0,2.923138380050659,1.1936384439468384,1.7097188234329224,6.5640411376953125,1.8590413331985474
718.0,5.31636905670166,1.751203179359436,2.305725336074829,8.0706787109375,2.5853946208953857
719.0,2.643120288848877,1.0983333587646484,1.6257675886154175,5.54779052734375,1.6230219602584839
720.0,2.794060468673706,1.1464993953704834,1.6715443134307861,6.977203369140625,1.6046947240829468
721.0,2.774845838546753,1.1909434795379639,1.665786862373352,6.3633270263671875,1.9352082014083862
722.0,3.173929452896118,1.3166124820709229,1.7815525531768799,6.09710693359375,2.000608444213867
723.0,2.90606951713562,1.1840975284576416,1.7047197818756104,5.994140625,1.791111707687378
724.0,3.1244986057281494,1.2219558954238892,1.767625093460083,7.33538818359375,1.6825554370880127
725.0,3.4505929946899414,1.2625895738601685,1.8575772047042847,6.5393829345703125,1.7708852291107178
726.0,2.900383472442627,1.1773182153701782,1.703051209449768,5.907928466796875,1.630286455154419
727.0,2.896709442138672,1.1971104145050049,1.701972246170044,6.76287841796875,1.731155276298523
728.0,3.163557767868042,1.2273541688919067,1.778639316558838,6.559600830078125,1.7706106901168823
729.0,3.3511557579040527,1.23057222366333,1.8306162357330322,6.849639892578125,1.793333649635315
730.0,2.866696357727051,1.137096643447876,1.6931321620941162,6.6094207763671875,1.6695224046707153
731.0,2.7304365634918213,1.2127745151519775,1.6524032354354858,5.6484375,1.8126537799835205
732.0,2.782045841217041,1.0798383951187134,1.6679465770721436,6.371490478515625,1.6199814081192017
733.0,4.31151008605957,1.4237602949142456,2.0764176845550537,7.84991455078125,1.8762680292129517
734.0,2.5861549377441406,1.1242023706436157,1.6081526279449463,5.423431396484375,1.6698209047317505
735.0,2.6746726036071777,1.1476918458938599,1.6354426145553589,5.622711181640625,1.6445053815841675
736.0,3.397649049758911,1.2786884307861328,1.843271255493164,6.8886871337890625,1.6916401386260986
737.0,2.9984114170074463,1.2034889459609985,1.7315921783447266,6.581207275390625,1.831820011138916
738.0,2.985443353652954,1.202303171157837,1.7278435230255127,5.7077484130859375,1.7041414976119995
739.0,2.9733645915985107,1.1998571157455444,1.7243447303771973,7.447357177734375,1.7693171501159668
740.0,3.8040413856506348,1.3977075815200806,1.9503952264785767,7.3421478271484375,1.8810523748397827
741.0,3.3854920864105225,1.3123327493667603,1.8399707078933716,6.72802734375,1.8131440877914429
742.0,3.113302230834961,1.225523591041565,1.7644551992416382,5.778167724609375,1.7536582946777344
743.0,3.736588716506958,1.392601490020752,1.93302583694458,6.740478515625,1.9194746017456055
744.0,3.799180746078491,1.4433166980743408,1.9491487741470337,6.76019287109375,2.062147855758667
745.0,2.7605807781219482,1.1635539531707764,1.6614995002746582,6.6945648193359375,1.733649492263794
746.0,6.988893985748291,2.0726380348205566,2.6436517238616943,8.341796875,2.917421340942383
747.0,5.064854145050049,1.6449151039123535,2.250523090362549,7.504608154296875,2.2386250495910645
748.0,3.1053526401519775,1.2335660457611084,1.7622010707855225,5.98870849609375,1.6916625499725342
749.0,2.939974546432495,1.2293907403945923,1.7146353721618652,6.8270263671875,1.733946442604065
750.0,2.8139805793762207,1.2087135314941406,1.677492380142212,5.6126861572265625,1.7151979207992554
751.0,3.125439167022705,1.3145320415496826,1.7678911685943604,6.578094482421875,1.8831545114517212
752.0,2.8500404357910156,1.201801061630249,1.6882063150405884,5.861114501953125,1.7568813562393188
753.0,3.1100685596466064,1.1798895597457886,1.7635385990142822,6.902862548828125,1.64541494846344
754.0,2.559884786605835,1.0874388217926025,1.5999640226364136,6.288818359375,1.5842905044555664
755.0,2.473619222640991,1.1017093658447266,1.5727744102478027,5.8924102783203125,1.5842636823654175
756.0,2.635908842086792,1.1232839822769165,1.6235482692718506,6.9390869140625,1.6084145307540894
757.0,2.983142375946045,1.2042776346206665,1.727177619934082,6.34136962890625,1.809441089630127
758.0,3.564800262451172,1.3478296995162964,1.8880678415298462,6.78326416015625,1.9604514837265015
759.0,2.7760353088378906,1.1939047574996948,1.6661438941955566,5.8772125244140625,1.7193658351898193
760.0,3.0784096717834473,1.256494402885437,1.7545397281646729,7.303070068359375,1.8097946643829346
761.0,3.7986114025115967,1.4396533966064453,1.9490026235580444,6.1971893310546875,1.9852099418640137
762.0,4.125677108764648,1.4016042947769165,2.0311763286590576,7.251739501953125,1.9431747198104858
763.0,3.000699281692505,1.276242733001709,1.7322527170181274,6.955047607421875,1.948179841041565
764.0,2.9323830604553223,1.2111999988555908,1.7124202251434326,6.310394287109375,1.801766276359558
765.0,2.773184061050415,1.141477108001709,1.665287971496582,5.627166748046875,1.6234943866729736
766.0,3.8335492610931396,1.477180004119873,1.9579451084136963,7.6369171142578125,2.1051113605499268
767.0,2.9858949184417725,1.234534740447998,1.7279741764068604,6.746826171875,1.718671202659607
768.0,5.380591869354248,1.6599594354629517,2.319610357284546,8.362274169921875,2.155686378479004
769.0,3.7184548377990723,1.3526545763015747,1.928329586982727,7.2042694091796875,1.8252005577087402
770.0,3.131512403488159,1.2790257930755615,1.7696080207824707,7.405548095703125,2.075687885284424
771.0,2.9122531414031982,1.2216055393218994,1.7065324783325195,6.119140625,1.7463538646697998
772.0,3.9589180946350098,1.4176301956176758,1.9897030591964722,6.844818115234375,1.8377386331558228
773.0,3.984905242919922,1.4418953657150269,1.996222734451294,6.583160400390625,1.8510814905166626
774.0,3.6112897396087646,1.4145584106445312,1.9003393650054932,6.4329681396484375,2.5076072216033936
775.0,3.959254264831543,1.5330719947814941,1.9897874593734741,6.7290802001953125,2.6883223056793213
776.0,2.9119789600372314,1.1531834602355957,1.7064521312713623,7.464111328125,1.7757568359375
777.0,3.4291303157806396,1.3914399147033691,1.8517911434173584,6.67364501953125,2.1064276695251465
778.0,2.7077627182006836,1.1100746393203735,1.6455280780792236,6.2853851318359375,1.603516936302185
779.0,3.258450508117676,1.2495046854019165,1.8051178455352783,6.931182861328125,1.78047513961792
780.0,3.0220210552215576,1.1335498094558716,1.738396167755127,6.6916656494140625,1.593387484550476
781.0,4.036350250244141,1.3947747945785522,2.0090670585632324,7.0753631591796875,1.8258819580078125
782.0,3.611593723297119,1.442780613899231,1.9004193544387817,6.8604888916015625,2.264401435852051
783.0,3.656744956970215,1.4431028366088867,1.912261724472046,8.216018676757812,2.2825746536254883
784.0,2.838332176208496,1.169428825378418,1.6847350597381592,5.8152618408203125,1.7472082376480103
785.0,2.8784420490264893,1.0943244695663452,1.6965972185134888,6.25189208984375,1.6057246923446655
786.0,2.7768659591674805,1.1771366596221924,1.6663930416107178,7.23406982421875,1.6161925792694092
787.0,2.9200828075408936,1.1428933143615723,1.7088249921798706,5.9615631103515625,1.6475852727890015
788.0,2.3710405826568604,1.0711075067520142,1.5398184061050415,6.251953125,1.5807476043701172
789.0,3.2092068195343018,1.2718652486801147,1.7914259433746338,6.5885009765625,1.8230408430099487
790.0,2.703634023666382,1.1398217678070068,1.644273042678833,7.420989990234375,1.6628752946853638
791.0,2.748778820037842,1.182382345199585,1.6579442024230957,6.0565948486328125,1.7505509853363037
792.0,2.745069980621338,1.1509933471679688,1.656825304031372,5.8341064453125,1.6851272583007812
793.0,4.02777099609375,1.4066940546035767,2.0069308280944824,6.919891357421875,1.8900599479675293
794.0,2.8170008659362793,1.1278830766677856,1.6783922910690308,6.614532470703125,1.6191935539245605
795.0,3.9745004177093506,1.4998334646224976,1.993614912033081,7.040924072265625,2.3628945350646973
796.0,3.911496877670288,1.4251909255981445,1.9777504205703735,8.055862426757812,1.9571399688720703
797.0,2.4281423091888428,1.0815014839172363,1.5582497119903564,5.641693115234375,1.5672471523284912
798.0,3.058899164199829,1.190514326095581,1.748970866203308,6.63458251953125,1.6013370752334595
799.0,2.89715838432312,1.234126329421997,1.702104091644287,7.48291015625,1.8767682313919067
800.0,2.764525890350342,1.244984745979309,1.6626863479614258,5.85321044921875,1.9580800533294678
801.0,3.369340181350708,1.2230358123779297,1.8355762958526611,6.62298583984375,1.7198847532272339
802.0,2.701247215270996,1.152430772781372,1.6435471773147583,6.007720947265625,1.6310558319091797
803.0,2.9626553058624268,1.2941234111785889,1.7212365865707397,7.107696533203125,2.083707571029663
804.0,2.446998357772827,1.1651678085327148,1.5642884969711304,6.016571044921875,1.818821907043457
805.0,2.6250698566436768,1.1390670537948608,1.6202067136764526,7.13690185546875,1.6104562282562256
806.0,2.363100051879883,1.0563514232635498,1.5372377634048462,6.160430908203125,1.5320335626602173
807.0,2.4679157733917236,1.077035903930664,1.5709601640701294,5.7188873291015625,1.6063600778579712
808.0,2.9715588092803955,1.1857365369796753,1.7238210439682007,7.003997802734375,1.7391715049743652
809.0,2.508650302886963,1.0866012573242188,1.5838719606399536,6.6676025390625,1.543267011642456
810.0,2.653132915496826,1.1100318431854248,1.6288440227508545,5.97113037109375,1.5963250398635864
811.0,2.314851760864258,1.036898136138916,1.5214636325836182,6.529052734375,1.522914171218872
812.0,2.7558465003967285,1.1424745321273804,1.660074234008789,6.0621185302734375,1.6520500183105469
813.0,2.4758388996124268,1.0885268449783325,1.5734798908233643,7.157196044921875,1.5641400814056396
814.0,2.5155575275421143,1.107358455657959,1.5860508680343628,5.8507537841796875,1.6024030447006226
815.0,2.2333521842956543,1.0211628675460815,1.4944404363632202,5.794281005859375,1.5040233135223389
816.0,3.3504154682159424,1.347887635231018,1.830414056777954,6.5228271484375,1.8833909034729004
817.0,2.8452696800231934,1.1733063459396362,1.6867927312850952,6.200927734375,1.6436086893081665
818.0,2.8844640254974365,1.127996563911438,1.6983709335327148,6.2733306884765625,1.6108477115631104
819.0,3.0313310623168945,1.2709839344024658,1.7410718202590942,6.432586669921875,2.003725290298462
820.0,3.3303849697113037,1.2638936042785645,1.8249342441558838,7.739288330078125,1.6992231607437134
821.0,2.4876668453216553,1.0853430032730103,1.577233910560608,5.602630615234375,1.6631814241409302
822.0,2.7221932411193848,1.0693001747131348,1.6499069929122925,6.554473876953125,1.5482312440872192
823.0,2.7992987632751465,1.252501368522644,1.6731104850769043,6.177947998046875,1.931998372077942
824.0,2.6272008419036865,1.1041874885559082,1.6208642721176147,6.949554443359375,1.685915470123291
825.0,2.5754106044769287,1.1398158073425293,1.6048085689544678,5.5702362060546875,1.6309967041015625
826.0,2.26474928855896,1.0292199850082397,1.5049084424972534,5.531951904296875,1.5176234245300293
827.0,2.4427154064178467,1.061220645904541,1.5629189014434814,5.48101806640625,1.5513876676559448
828.0,2.424759864807129,1.0929783582687378,1.5571640729904175,6.575286865234375,1.745266318321228
829.0,2.792310953140259,1.1968826055526733,1.6710209846496582,6.16778564453125,1.7440190315246582
830.0,2.5109853744506836,1.09878408908844,1.5846089124679565,5.921142578125,1.6360670328140259
831.0,3.8607499599456787,1.4524664878845215,1.9648791551589966,7.619873046875,2.0144639015197754
832.0,2.6178324222564697,1.1566848754882812,1.617971658706665,6.1548919677734375,1.701978087425232
833.0,4.436073303222656,1.466334342956543,2.106198787689209,7.7472991943359375,1.8720166683197021
834.0,3.7054660320281982,1.3934870958328247,1.9249587059020996,8.056427001953125,1.8146111965179443
835.0,3.051379919052124,1.2390581369400024,1.7468199729919434,6.331512451171875,2.070427894592285
836.0,3.670699119567871,1.5688532590866089,1.9159069061279297,6.3828125,2.7874765396118164
837.0,3.0108275413513184,1.2698299884796143,1.7351735830307007,7.40533447265625,2.1302716732025146
838.0,4.2950263023376465,1.5243330001831055,2.072444438934326,7.553436279296875,2.304241895675659
839.0,6.726797103881836,1.906585931777954,2.593606948852539,9.28375244140625,2.6512551307678223
840.0,2.406745195388794,1.1223366260528564,1.5513688325881958,5.8435821533203125,1.7270615100860596
841.0,13.444218635559082,2.7015323638916016,3.6666359901428223,12.225570678710938,3.637068033218384
842.0,7.585384845733643,2.073450803756714,2.754157781600952,9.324859619140625,2.5498719215393066
843.0,3.747802734375,1.408572793006897,1.9359242916107178,6.82281494140625,1.9197921752929688
844.0,4.004680633544922,1.4218426942825317,2.0011699199676514,6.57830810546875,1.8145240545272827
845.0,3.7492916584014893,1.3439075946807861,1.936308741569519,6.598724365234375,1.7424179315567017
846.0,3.909402370452881,1.5250096321105957,1.977220892906189,5.993560791015625,2.6021876335144043
847.0,7.035150051116943,2.084817886352539,2.652385711669922,9.22552490234375,3.796720504760742
848.0,4.33274507522583,1.469486951828003,2.081524610519409,7.465667724609375,2.196892261505127
849.0,3.782132387161255,1.3679308891296387,1.9447705745697021,6.282684326171875,1.8153979778289795
850.0,4.189238548278809,1.4150381088256836,2.0467629432678223,8.2598876953125,1.7510672807693481
851.0,3.1410839557647705,1.2891513109207153,1.7723103761672974,7.412078857421875,2.4259257316589355
852.0,6.352987766265869,2.1416444778442383,2.5205132961273193,7.2242889404296875,4.154165744781494
853.0,4.132025241851807,1.646423101425171,2.032738447189331,7.5802001953125,3.1722252368927
854.0,3.0866734981536865,1.3520208597183228,1.7568931579589844,6.24114990234375,2.452821731567383
855.0,2.9321022033691406,1.2307738065719604,1.7123382091522217,7.3350372314453125,1.8298728466033936
856.0,2.6342296600341797,1.1486132144927979,1.6230310201644897,5.727325439453125,1.666306734085083
857.0,3.7885048389434814,1.4499773979187012,1.9464081525802612,8.610031127929688,2.137040138244629
858.0,4.432313442230225,1.5590568780899048,2.1053059101104736,7.473175048828125,2.13924503326416
859.0,3.1972780227661133,1.3159242868423462,1.7880934476852417,6.894439697265625,1.8933115005493164
860.0,2.7241201400756836,1.228837251663208,1.6504908800125122,5.873321533203125,1.8039236068725586
861.0,2.499659299850464,1.1231160163879395,1.581031084060669,6.5632781982421875,1.6692695617675781
862.0,2.5543813705444336,1.1902902126312256,1.598243236541748,5.889862060546875,1.8477827310562134
863.0,2.215792655944824,1.0334582328796387,1.4885538816452026,6.1566162109375,1.5393400192260742
864.0,2.384138822555542,1.0614392757415771,1.5440657138824463,5.5248870849609375,1.5805553197860718
865.0,2.3718366622924805,1.1316144466400146,1.5400768518447876,5.5733795166015625,1.65323805809021
866.0,2.286815881729126,1.0520967245101929,1.512222170829773,5.6946868896484375,1.5959851741790771
867.0,2.9707846641540527,1.163243055343628,1.723596453666687,6.583648681640625,1.6783125400543213
868.0,2.363128662109375,1.0979657173156738,1.5372470617294312,5.88330078125,1.6265368461608887
869.0,4.050210952758789,1.3060100078582764,2.0125136375427246,7.755523681640625,1.7861651182174683
870.0,2.908090829849243,1.2485893964767456,1.7053124904632568,6.1540374755859375,1.856953501701355
871.0,3.8737740516662598,1.4002045392990112,1.9681905508041382,8.954238891601562,2.0728323459625244
872.0,2.4751031398773193,1.0838409662246704,1.5732460021972656,6.20648193359375,1.5696985721588135
873.0,2.4716293811798096,1.1263326406478882,1.5721416473388672,6.7940673828125,1.7010111808776855
874.0,2.5052833557128906,1.115664005279541,1.5828087329864502,5.8409271240234375,1.635622262954712
875.0,2.5250539779663086,1.0951060056686401,1.589041829109192,7.6926422119140625,1.5799492597579956
876.0,2.4407942295074463,1.1014227867126465,1.562304139137268,6.3770751953125,1.699345350265503
877.0,2.775831460952759,1.2763737440109253,1.6660826206207275,5.7776641845703125,2.06960391998291
878.0,4.057071208953857,1.3836853504180908,2.0142173767089844,7.50714111328125,1.8244050741195679
879.0,4.588540554046631,1.4905756711959839,2.142087936401367,7.5540924072265625,1.7893950939178467
880.0,2.6379613876342773,1.1362844705581665,1.6241801977157593,5.777252197265625,1.6835976839065552
881.0,2.7865917682647705,1.1525291204452515,1.6693087816238403,5.718048095703125,1.6796389818191528
882.0,2.5644638538360596,1.1471691131591797,1.6013942956924438,7.1269989013671875,1.8014758825302124
883.0,2.3937642574310303,1.0999799966812134,1.5471794605255127,5.6407012939453125,1.6928046941757202
884.0,2.3472883701324463,1.0732731819152832,1.5320862531661987,6.633636474609375,1.7115387916564941
885.0,2.448504686355591,1.1442537307739258,1.5647698640823364,5.485870361328125,1.7946869134902954
886.0,2.1959733963012695,1.0008479356765747,1.4818817377090454,5.5686492919921875,1.5103001594543457
887.0,2.7113187313079834,1.1288905143737793,1.6466082334518433,5.863433837890625,1.6455618143081665
888.0,2.211143732070923,1.0464025735855103,1.48699152469635,5.690155029296875,1.547334909439087
889.0,2.207397699356079,1.026310920715332,1.4857313632965088,5.5590667724609375,1.5008352994918823
890.0,2.5739221572875977,1.0502724647521973,1.6043447256088257,6.076507568359375,1.5366681814193726
891.0,3.4286978244781494,1.250649094581604,1.8516743183135986,7.8379364013671875,1.6818857192993164
892.0,3.0774877071380615,1.1097915172576904,1.754276990890503,7.095428466796875,1.589643955230713
893.0,2.6545093059539795,1.138825535774231,1.6292665004730225,5.598388671875,1.6256250143051147
894.0,2.7228994369506836,1.223343014717102,1.6501210927963257,6.80865478515625,2.099623680114746
895.0,3.137418746948242,1.3009891510009766,1.7712759971618652,5.7806396484375,1.9296818971633911
896.0,2.993199348449707,1.2227338552474976,1.7300865650177002,7.738037109375,1.676787257194519
897.0,6.786336421966553,1.6844258308410645,2.605059862136841,9.520309448242188,1.894215703010559
898.0,3.410674571990967,1.2433406114578247,1.8468011617660522,7.02496337890625,2.0587410926818848
899.0,3.164255142211914,1.3725672960281372,1.7788352966308594,6.120849609375,2.2348477840423584
900.0,2.8475279808044434,1.1838812828063965,1.6874619722366333,7.35833740234375,1.8020732402801514
