review_row,source_line,x,y,radius_px,angle_deg,measured_cm,radius_roll_median_cm,radius_residual_cm,repair_note
364,364,-108.0,-143.0,179.20100446147057,-127.06173547645452,308.72,47.1,261.62,
292,292,232.0,11.0,232.26062946612367,2.7145772690010657,85.2,179.18,-93.98,
317,317,138.0,-190.0,234.82759633399138,-54.00850374202516,92.82000000000001,174.1,-81.27999999999999,
263,264,176.0,149.0,230.6013876801265,40.25094852528468,87.74,163.94,-76.2,
264,265,180.0,151.0,234.94893062110327,39.9929135728941,92.82000000000001,169.02,-76.2,
318,318,133.0,-187.0,229.4733099948663,-54.57842291946075,85.2,160.13,-74.92999999999999,
343,343,24.0,-234.0,235.2275494069519,-84.14398641457105,110.6,184.895,-74.29500000000002,
316,316,143.0,-197.0,243.4296612987004,-54.02454062622273,100.44,171.56,-71.12,
266,267,189.0,156.0,245.0652974209119,39.53615718676336,108.06,179.18,-71.12,
301,301,149.0,-192.0,243.03291958086666,-52.18704712168497,100.44,169.02,-68.58000000000001,
315,315,148.0,-198.0,247.20032362438363,-53.222813890574905,108.06,174.1,-66.03999999999999,
265,266,184.0,155.0,240.58470441821524,40.11049519329696,100.44,163.94,-63.5,
342,342,21.0,-229.0,229.96086623597503,-84.76045631457076,102.98,163.94,-60.959999999999994,
60,61,-150.0,186.0,238.94769302087852,128.8844964337146,227.44,169.02,58.41999999999999,
319,319,131.0,-181.0,223.4323163734378,-54.104600865402176,77.58,134.73000000000002,-57.15000000000002,
262,263,172.0,146.0,225.61028345356956,40.32583628886923,80.12,136.0,-55.879999999999995,
59,60,-149.0,185.0,237.54157530840786,128.84815662071443,222.36,169.02,53.34,
58,59,-149.0,185.0,237.54157530840786,128.84815662071443,221.09,169.02,52.06999999999999,
344,344,24.0,-237.0,238.2120903732638,-84.21760767763595,118.22,169.02,-50.80000000000001,
209,210,-3.0,249.0,249.0180716333656,90.69027719786507,199.5,148.7,50.80000000000001,
208,209,-5.0,250.0,250.04999500099976,91.1457628381751,204.58,156.32,48.26000000000002,
356,356,27.0,-262.0,263.38754716197195,-84.11624296355654,207.12,158.86,48.25999999999999,
302,302,151.0,-197.0,248.21361767638777,-52.529926777687564,108.06,156.32,-48.25999999999999,
346,346,25.0,-244.0,245.27739398485136,-84.14994479428262,133.46,179.18,-45.72,
221,222,-7.0,229.0,229.10696191953662,91.75085418654284,120.76,166.48,-45.719999999999985,
354,354,25.0,-261.0,262.1945842308723,-84.52859089040416,194.42000000000002,151.24,43.18000000000001,
345,345,24.0,-240.0,241.19701490690136,-84.28940686250037,125.84,169.02,-43.18000000000001,
353,353,25.0,-258.0,259.20841035738016,-84.46536263798585,186.8,143.62,43.18000000000001,
355,355,26.0,-262.0,263.28691574022434,-84.33271432176086,202.04,158.86,43.17999999999998,
220,221,-6.0,230.0,230.07824755939012,91.49433359126654,125.84,167.75,-41.91,
74,75,-19.0,235.0,235.76683396949622,94.62237024168424,143.62,184.895,-41.275000000000006,
73,74,-18.0,236.0,236.6854452643846,94.3615726450206,148.7,189.34,-40.640000000000015,
352,352,24.0,-256.0,257.12253887981115,-84.64417495714481,179.18,138.54,40.640000000000015,
77,78,-19.0,230.0,230.7834482799839,94.72240687991575,130.92,171.56,-40.640000000000015,
267,268,192.0,160.0,249.92798962901293,39.80557109226519,115.68,156.32,-40.639999999999986,
119,120,-233.0,-4.0,233.03433223454437,-179.0164780808609,212.2,171.56,40.639999999999986,
121,122,-234.0,-3.0,234.01922997907673,-179.2654789657452,202.04,161.4,40.639999999999986,
389,389,-154.0,105.0,186.38937737972086,145.71312302279105,99.805,59.8,40.00500000000001,
76,77,-19.0,232.0,232.7767170487633,94.68187823639896,134.73,174.1,-39.370000000000005,
219,220,-7.0,232.0,232.1055794245369,91.72822765049855,133.46,171.56,-38.099999999999994,
206,207,-168.0,158.0,230.62523712724936,136.7569883099082,204.58,167.75,36.83000000000001,
341,341,22.0,-223.0,224.08257406590099,-84.36573334423261,95.36,130.92000000000002,-35.56000000000002,
351,351,25.0,-255.0,256.2225595063791,-84.40066066347944,171.56,136.0,35.56,
210,211,-3.0,248.0,248.0181444975347,90.69306030271125,191.88,156.32,35.56,
55,56,-148.0,185.0,236.9155967850154,128.6598082540901,204.58,169.02,35.56,
205,206,-168.0,158.0,230.62523712724936,136.7569883099082,199.5,163.94,35.56,
261,262,166.0,140.0,217.1543230055529,40.14339606605682,72.5,106.79,-34.290000000000006,
120,121,-231.0,-5.0,231.05410621756974,-178.76002523368732,205.85,171.56,34.28999999999999,
384,384,-151.0,-191.0,243.47895186237352,-128.32904732574613,207.12,174.1,33.02000000000001,
79,80,-19.0,227.0,227.79376637651873,94.78452968816502,123.3,156.32,-33.019999999999996,
78,79,-18.0,229.0,229.7063342618135,94.494357652632,127.11000000000001,160.13,-33.01999999999998,
56,57,-149.0,185.0,237.54157530840786,128.84815662071443,209.66,176.64000000000001,33.01999999999998,
207,208,-6.0,247.0,247.07286374670934,91.39152665254784,212.2,179.18,33.01999999999998,
80,81,-19.0,226.0,226.79726629745784,94.80560124346898,119.49,151.875,-32.385000000000005,
53,54,-148.0,185.0,236.9155967850154,128.6598082540901,200.77,169.02,31.75,
293,293,251.0,15.0,251.44780770569466,3.419983094861113,110.6,141.08,-30.480000000000018,
320,320,125.0,-173.0,213.43383049554257,-54.15025677801488,69.96000000000001,100.44,-30.47999999999999,
222,223,-6.0,226.0,226.07963198837706,91.52076966114376,115.68,146.16,-30.47999999999999,
51,52,-147.0,182.0,233.95084953895764,128.92754359279232,191.88,161.4,30.47999999999999,
61,62,-20.0,245.0,245.81497106563708,94.666858371439,209.66,179.18,30.47999999999999,
383,383,-150.0,-190.0,242.0743687382041,-128.29016319224309,199.5,169.02,30.47999999999999,
67,68,-20.0,247.0,247.80839372386077,94.62923494779758,202.04,171.56,30.47999999999999,
260,261,159.0,136.0,209.2295390235327,40.5418900219016,64.88,92.82000000000001,-27.940000000000012,
81,82,-19.0,225.0,225.80079716422614,94.82685878112298,115.68,143.62,-27.939999999999998,
204,205,-168.0,157.0,229.94129685639334,136.938501769387,191.88,163.94,27.939999999999998,
382,382,-149.0,-189.0,240.66989840858787,-128.25082521043035,191.88,163.94,27.939999999999998,
126,127,-227.0,-2.0,227.00881040171106,-179.49520443144417,176.64000000000001,149.97,26.670000000000016,
203,204,-168.0,156.0,229.2596780945136,137.12109639666144,186.8,160.13,26.670000000000016,
57,58,-148.0,185.0,236.9155967850154,128.6598082540901,214.74,189.34,25.400000000000006,
350,350,27.0,-253.0,254.4366325826531,-83.90848629114582,163.94,138.54,25.400000000000006,
124,125,-229.0,-1.0,229.00218339570478,-179.74980167980246,186.8,161.4,25.400000000000006,
122,123,-232.0,-2.0,232.0086205294967,-179.50608310138125,196.96,171.56,25.400000000000006,
49,50,-146.0,182.0,233.32380932943812,128.73650938566544,184.895,161.4,23.495000000000005,
72,73,-19.0,237.0,237.76038357977134,94.58352980911702,153.78,176.64000000000001,-22.860000000000014,
217,218,-6.0,237.0,237.0759372015642,91.45021629093343,146.16,169.02,-22.860000000000014,
75,76,-19.0,233.0,233.77339455121918,94.66187309523883,138.54,161.4,-22.860000000000014,
218,219,-6.0,233.0,233.0772404161333,91.47510180085696,138.54,161.4,-22.860000000000014,
280,281,212.0,171.0,272.3692346796899,38.889778611215355,194.42000000000002,171.56,22.860000000000014,
82,83,-19.0,223.0,223.80795338861395,94.8699417162811,111.87,134.73000000000002,-22.860000000000014,
314,314,152.0,-204.0,254.40125785852553,-53.3102771675242,115.68,138.54,-22.859999999999985,
289,290,277.0,-3.0,277.01624501101014,-0.6205076478339449,163.9416,186.8,-22.858400000000017,split malformed CSV line 290: first repaired row
376,376,-144.0,-181.0,231.29418496797535,-128.50505973229562,146.16,167.75,-21.590000000000003,
375,375,-141.0,-180.0,228.65038814749474,-128.07278187399083,138.54,160.13,-21.590000000000003,
202,203,-168.0,156.0,229.2596780945136,137.12109639666144,181.72,160.13,21.590000000000003,
392,392,-8.0,179.0,179.17868176767013,92.55900231769944,68.69,47.1,21.589999999999996,
194,195,-159.0,148.0,217.22108553268947,137.05206537040868,128.38,106.79,21.58999999999999,
223,224,-7.0,223.0,223.10983842045155,91.79793185690053,110.6,130.92000000000002,-20.32000000000002,
133,134,-219.0,-2.0,219.0091322296858,-179.4767654178158,130.92000000000002,110.6,20.32000000000002,
196,197,-162.0,152.0,222.14409737825582,136.82408983237613,143.62,123.3,20.320000000000007,
268,269,194.0,161.0,252.10513679812237,39.689175560128156,120.76,141.08,-20.320000000000007,
135,136,-217.0,2.0,217.00921639414304,179.47194325109984,120.76,100.44,20.320000000000007,
290,290,1.0,17.0,17.029386365926403,86.63353933657021,34.4,14.08,20.32,split malformed CSV line 290: second repaired row
131,132,-223.0,-2.0,223.00896842952304,-179.48615028364586,146.16,125.84,20.319999999999993,
339,339,21.0,-212.0,213.03755537463343,-84.34292929393168,80.12,100.44,-20.319999999999993,
197,198,-163.0,153.0,223.55759884199867,136.81255268551558,151.24,130.92000000000002,20.319999999999993,
279,280,212.0,170.0,271.7425251961864,38.7256654429182,191.88,171.56,20.319999999999993,
195,196,-161.0,150.0,220.04772209682153,137.0256943781227,136.0,115.68,20.319999999999993,
381,381,-149.0,-189.0,240.66989840858787,-128.25082521043035,184.26,163.94,20.319999999999993,
123,124,-232.0,-2.0,232.0086205294967,-179.50608310138125,191.88,171.56,20.319999999999993,
340,340,21.0,-216.0,217.0184323968819,-84.44702896696319,87.74,106.79,-19.05000000000001,
134,135,-218.0,2.0,218.00917411888886,179.4743653935424,125.84,106.79,19.049999999999997,
132,133,-221.0,-2.0,221.00904958847272,-179.48150031270933,138.54,119.49,19.049999999999997,
397,397,-100.0,137.0,169.61426826773743,126.12671577278991,58.53,39.480000000000004,19.049999999999997,
393,393,-82.0,151.0,171.82840277439584,118.50401152181144,63.61,44.56,19.049999999999997,
130,131,-225.0,-2.0,225.00888871331284,-179.4907175950225,153.78,134.73000000000002,19.049999999999983,
129,130,-226.0,-1.0,226.00221237855172,-179.74648050622798,161.4,143.62,17.78,
305,305,160.0,-211.0,264.8037008804824,-52.82718187101023,143.62,161.4,-17.78,
306,306,162.0,-213.0,267.6060537431842,-52.744710546422915,151.24,169.02,-17.78,
201,202,-166.0,156.0,227.7981562699751,136.77880031567383,174.1,156.32,17.78,
66,67,-20.0,243.0,243.82165613415063,94.70509697726625,196.96,179.18,17.78,
304,304,158.0,-210.0,262.8003044138267,-53.042894233505315,136.0,153.78,-17.78,
386,386,180.0,125.0,219.14607000811125,34.77783136636388,97.9,115.68,-17.78,
377,377,-144.0,-183.0,232.86262044390037,-128.19868517601844,153.78,171.56,-17.78,
125,126,-230.0,-2.0,230.00869548780108,-179.50178838738637,181.72,163.94,17.78,
84,85,-20.0,220.0,220.90722034374522,95.1944289077348,105.52,123.3,-17.78,
288,289,278.0,-2.0,278.0071941515183,-0.4121927414023225,171.56,189.34,-17.78,
225,226,-9.0,219.0,219.18485349129398,92.35329686610831,99.17,115.68,-16.510000000000005,
198,199,-164.0,155.0,225.656819085974,136.61606665068575,156.32,140.445,15.875,
291,291,201.0,11.0,201.30076999355964,3.132465198568036,59.8,75.04,-15.240000000000009,
86,87,-19.0,218.0,218.82641522448793,94.98108193530841,100.44,115.68,-15.240000000000009,
295,295,262.0,12.0,262.2746651889961,2.6224014605410915,136.0,151.24,-15.240000000000009,
50,51,-146.0,183.0,234.10467744152402,128.58336296320985,189.34,174.1,15.240000000000009,
259,260,150.0,131.0,199.15069670980316,41.13179596167828,57.26,72.5,-15.240000000000002,
394,394,-148.0,88.0,172.18594600024707,149.26451229807992,59.8,44.56,15.239999999999995,
282,283,215.0,173.0,275.9601420495358,38.821935097871666,202.04,186.8,15.23999999999998,
374,374,-139.0,-178.0,225.84286572747877,-127.98623745207728,130.92000000000002,146.16,-15.23999999999998,
349,349,27.0,-250.0,251.45377308761942,-83.8359475571712,156.32,141.08,15.23999999999998,
200,201,-165.0,156.0,227.0704736419951,136.60600298928225,166.48,151.875,14.60499999999999,
128,129,-227.0,-2.0,227.00881040171106,-179.49520443144417,166.48,151.875,14.60499999999999,
385,385,-101.0,130.0,164.62381358722072,127.84445846511409,50.910000000000004,36.94,13.970000000000006,
387,387,-136.0,-126.0,185.39687160251654,-137.1858008067756,71.23,57.26,13.970000000000006,
395,395,-128.0,-131.0,183.15294155431957,-134.33637199998674,66.15,52.18,13.970000000000006,
137,138,-212.0,-2.0,212.00943375236866,-179.45948981286935,110.6,96.63,13.969999999999999,
193,194,-159.0,148.0,217.22108553268947,137.05206537040868,120.76,106.79,13.969999999999999,
321,321,116.0,-165.0,201.6953147695801,-54.891619726822185,62.34,76.31,-13.969999999999999,
54,55,-147.0,185.0,236.29219199965115,128.47046400115275,203.31,189.34,13.969999999999999,
281,282,213.0,173.0,274.40481045346127,39.083730588736785,196.96,184.26,12.700000000000017,
272,273,203.0,167.0,262.86498435508673,39.44276779044919,146.16,158.86,-12.700000000000017,
224,225,-8.0,219.0,219.14607000811125,92.09206627948015,102.98,115.68,-12.700000000000003,
227,228,-8.0,213.0,213.15018179677915,92.15094312751602,87.74,100.44,-12.700000000000003,
228,229,-8.0,209.0,209.15305400591214,92.19206972022442,80.12,92.82000000000001,-12.700000000000003,
85,86,-19.0,219.0,219.8226557932553,94.95845091948537,102.98,115.68,-12.700000000000003,
313,313,153.0,-205.0,255.80070367377803,-53.26449408465858,123.3,136.0,-12.700000000000003,
136,137,-214.0,-2.0,214.00934559032697,-179.46454101443547,115.68,102.98,12.700000000000003,
310,310,165.0,-218.0,273.40263349134,-52.87862285926525,171.56,184.26,-12.699999999999989,
294,294,279.0,14.0,279.35103364763125,2.872647589161938,202.04,189.34,12.699999999999989,
303,303,156.0,-205.0,257.60628874311277,-52.72975016219097,125.84,138.54,-12.699999999999989,
65,66,-20.0,244.0,244.8182999695897,94.68589983950271,191.88,179.18,12.699999999999989,
312,312,156.0,-208.0,260.0,-53.13010235415598,130.92000000000002,143.62,-12.699999999999989,
296,296,271.0,11.0,271.2231553536681,2.3243829709481543,161.4,174.1,-12.699999999999989,
307,307,163.0,-214.0,269.0074348414928,-52.70411927751283,158.86,171.56,-12.699999999999989,
138,139,-211.0,2.0,211.00947846009194,179.4569283062762,105.52,92.82000000000001,12.699999999999989,
216,217,-6.0,239.0,239.07530194480566,91.43808570740366,153.78,166.48,-12.699999999999989,
269,270,197.0,162.0,255.05489605181077,39.431658160732795,125.84,138.54,-12.699999999999989,
298,298,171.0,-221.0,279.4315658618403,-52.26888492164752,204.58,193.15,11.430000000000007,
226,227,-6.0,218.0,218.08255317654368,91.57655005518373,95.36,106.79,-11.430000000000007,
127,128,-229.0,-1.0,229.00218339570478,-179.74980167980246,171.56,160.13,11.430000000000007,
299,299,169.0,-222.0,279.00716836669267,-52.7193869553909,199.5,188.07,11.430000000000007,
199,200,-165.0,155.0,226.38462845343543,136.78991060824606,161.4,149.97,11.430000000000007,
83,84,-20.0,221.0,221.90313201935658,95.1710524180025,108.06,119.49,-11.429999999999993,
88,89,-22.0,215.0,216.12265036316762,95.84248926619162,95.36000000000001,106.79,-11.429999999999993,
380,380,-148.0,-188.0,239.2655428598109,-128.21102542556122,176.64000000000001,166.48,10.160000000000025,
93,94,-20.0,208.0,208.95932618574363,95.49232455712743,82.66,92.82000000000001,-10.16000000000001,
89,90,-21.0,214.0,215.02790516581794,95.60453906239006,92.82,102.98,-10.16000000000001,
189,190,-153.0,142.0,208.7414668914636,137.13546344237665,97.9,87.74,10.16000000000001,
396,396,-163.0,-4.0,163.04907236779974,-178.59425073895366,44.56,34.4,10.160000000000004,
192,193,-157.0,147.0,215.07673049402624,136.8840502310918,113.14,102.98,10.159999999999997,
367,367,-122.0,-154.0,196.468827043885,-128.38653951768526,77.58,67.42,10.159999999999997,
278,279,213.0,171.0,273.1483113621609,38.75808565258495,186.8,176.64000000000001,10.159999999999997,
287,288,280.0,-2.0,280.0071427660373,-0.4092486080349388,179.18,189.34,-10.159999999999997,
258,259,143.0,125.0,189.9315666233499,41.15754687208514,49.64,59.8,-10.159999999999997,
90,91,-20.0,213.0,213.9369065869655,95.36415776233005,90.28,100.44,-10.159999999999997,
277,278,212.0,170.0,271.7425251961864,38.7256654429182,184.26,174.1,10.159999999999997,
309,309,167.0,-218.0,274.6142749385035,-52.5458976091145,174.1,184.26,-10.159999999999997,
300,300,170.0,-221.0,278.8207309365643,-52.43140797117251,196.96,186.8,10.159999999999997,
286,287,280.0,-2.0,280.0071427660373,-0.4092486080349388,184.26,193.15,-8.890000000000015,
338,338,24.0,-205.0,206.40009689920205,-83.32259782195875,73.77,82.66,-8.89,
142,143,-202.0,3.0,202.02227599945508,179.14913513526972,85.2,76.31,8.89,
87,88,-20.0,217.0,217.91970998512272,95.2658403117791,97.9,106.79,-8.89,
91,92,-20.0,211.0,211.94574777522666,95.41470207095567,87.74,96.63,-8.89,
140,141,-207.0,3.0,207.02173798903343,179.169684513742,92.82000000000001,83.93,8.89,
229,230,-8.0,205.0,205.15603817582362,92.23479885873887,75.04,83.93,-8.89,
37,38,-146.0,172.0,225.61028345356956,130.32583628886923,143.62,134.73000000000002,8.889999999999986,
33,34,-143.0,171.0,222.91253890259293,129.90430008044137,130.92000000000002,123.3,7.620000000000019,
373,373,-137.0,-176.0,223.03587155433092,-127.8975144322857,123.3,130.92000000000002,-7.620000000000019,
191,192,-156.0,145.0,212.9812198293549,137.09293430528817,108.06,100.44,7.6200000000000045,
64,65,-19.0,244.0,244.73863609981976,94.4525716313657,186.8,179.18,7.6200000000000045,
232,233,-12.0,194.0,194.3707796969493,93.53955916854996,59.8,67.42,-7.6200000000000045,
308,308,165.0,-217.0,272.6059427085184,-52.75177915429671,166.48,174.1,-7.6200000000000045,
52,53,-148.0,184.0,236.13555429032706,128.81138403675843,196.96,189.34,7.6200000000000045,
146,147,-197.0,4.0,197.0406049523803,178.83679375475887,75.04,67.42,7.6200000000000045,
92,93,-22.0,209.0,210.1547049199708,96.00900595749452,85.2,92.82000000000001,-7.6200000000000045,
322,322,112.0,-156.0,192.04166214652486,-54.32359177813802,54.72,62.34,-7.6200000000000045,
273,274,205.0,167.0,264.41255643406953,39.16743625480866,153.78,161.4,-7.6200000000000045,
41,42,-149.0,175.0,229.83907413666634,130.4120218759275,156.32,163.94,-7.6200000000000045,
337,337,21.0,-199.0,200.10497245196083,-83.97600691768038,67.42,75.04,-7.6200000000000045,
365,365,-113.0,-146.0,184.6212338816963,-127.73888941889271,62.34,54.72,7.6200000000000045,
213,214,-6.0,244.0,244.07375934335914,91.40862873533848,171.56,179.18,-7.6200000000000045,
276,277,210.0,168.0,268.93121797217964,38.65980825409009,176.64000000000001,169.02,7.6200000000000045,
271,272,202.0,164.0,260.1922366251537,39.072495807609826,138.54,146.16,-7.6200000000000045,
31,32,-142.0,168.0,219.97272558205938,130.2057679333694,123.3,115.68,7.61999999999999,
96,97,-20.0,204.0,204.9780476051033,95.59933933652057,75.04,82.66,-7.61999999999999,
139,140,-210.0,2.0,210.00952359357422,179.4543424065843,100.44,92.82000000000001,7.61999999999999,
71,72,-20.0,239.0,239.83536019528063,94.78348094876746,158.86,166.48,-7.619999999999976,
347,347,25.0,-247.0,248.26195842295292,-84.2205141748441,141.08,148.7,-7.619999999999976,
32,33,-142.0,168.0,219.97272558205938,130.2057679333694,125.84,119.49,6.3500000000000085,
188,189,-152.0,142.0,208.00961516237658,136.94808500651496,92.82000000000001,86.47,6.3500000000000085,
190,191,-155.0,144.0,211.56795598577776,137.10692129068815,102.98,96.63,6.3500000000000085,
332,332,22.0,-138.0,139.74262055650738,-80.94211187138235,29.32,22.97,6.350000000000001,
39,40,-147.0,173.0,227.01982292302142,130.3549215741084,149.97,156.32,-6.349999999999994,
18,19,-131.0,149.0,198.39858870465787,131.32176127800662,76.31,69.96000000000001,6.349999999999994,
36,37,-145.0,171.0,224.2008028531566,130.2963852957068,140.445,134.73000000000002,5.714999999999975,
47,48,-149.0,178.0,232.13142829009604,129.93198187339485,179.18,174.1,5.0800000000000125,
231,232,-11.0,198.0,198.3053201505194,93.17983011986423,64.88,69.96000000000001,-5.0800000000000125,
29,30,-141.0,167.0,218.56349191939628,130.1747830728902,115.68,110.6,5.0800000000000125,
366,366,-120.0,-150.0,192.09372712298546,-128.6598082540901,69.96000000000001,64.88,5.0800000000000125,
23,24,-133.0,160.0,208.0600874747485,129.7350532453942,92.82000000000001,87.74,5.0800000000000125,
148,149,-194.0,3.0,194.02319448973105,179.11405340614576,69.96000000000001,64.88,5.0800000000000125,
369,369,-129.0,-164.0,208.65521800328887,-128.18807222611886,92.82000000000001,87.74,5.0800000000000125,
185,186,-146.0,134.0,198.17164277464119,137.45403167452707,75.04,69.96,5.0800000000000125,
102,103,-22.0,191.0,192.26284092356485,96.57055837164089,59.8,64.88,-5.079999999999998,
230,231,-10.0,200.0,200.24984394500785,92.86240522611175,69.96000000000001,75.04,-5.079999999999998,
141,142,-205.0,3.0,205.0219500443794,179.16158502559787,87.74,82.66,5.079999999999998,
101,102,-20.0,194.0,195.02820308868152,95.88598783302828,62.34,67.42,-5.079999999999998,
334,334,14.0,-169.0,169.57889019568444,-85.26441696497061,44.56,39.480000000000004,5.079999999999998,
144,145,-201.0,3.0,201.02238681301145,179.1449026037333,80.12,75.04,5.079999999999998,
143,144,-202.0,4.0,202.03960007879644,178.865578369023,82.66,77.58,5.079999999999998,
17,18,-132.0,147.0,197.56770991232347,131.92254460057563,75.04,69.96000000000001,5.079999999999998,
186,187,-150.0,136.0,202.47468977627796,137.80245151986676,82.66,77.58,5.079999999999998,
368,368,-125.0,-160.0,203.03940504246953,-127.99873244250468,85.2,80.12,5.079999999999998,
7,8,-110.0,124.0,165.75886099994776,131.57612875506933,34.4,39.48,-5.079999999999998,
363,363,-105.0,-134.0,170.23806859806652,-128.08161359330634,47.1,42.02,5.079999999999998,
147,148,-196.0,4.0,196.04081207748553,178.8308606720926,72.5,67.42,5.079999999999998,
95,96,-23.0,204.0,205.29247428973133,96.43265392413831,77.58,82.66,-5.079999999999998,
149,150,-192.0,4.0,192.04166214652486,178.80651057601798,67.42,62.34,5.079999999999998,
187,188,-151.0,140.0,205.91503102007877,137.1647891534535,87.74,82.66,5.079999999999998,
150,151,-191.0,3.0,191.02355875650522,179.10014028509562,64.88,59.8,5.079999999999998,
104,105,-20.0,186.0,187.0721785835617,96.13725594926198,54.72,59.8,-5.079999999999998,
94,95,-19.0,207.0,207.87015177749788,95.24433811071516,80.12,85.2,-5.079999999999998,
234,235,-12.0,185.0,185.3887806745597,93.7112838080209,52.18,57.26,-5.079999999999998,
25,26,-136.0,162.0,211.51832071950648,130.01366622876452,97.9,92.82000000000001,5.079999999999998,
371,371,-131.0,-171.0,215.41123461880997,-127.45507096124317,108.06,102.98,5.079999999999998,
257,258,134.0,121.0,180.54639292990598,42.081565279218445,44.56,49.64,-5.079999999999998,
359,359,-88.0,-120.0,148.8086019019062,-126.2538377374448,31.86,26.78,5.079999999999998,
256,257,125.0,120.0,173.27723451163456,43.830860672092584,39.480000000000004,44.56,-5.079999999999998,
325,325,80.0,-129.0,151.7926216915697,-58.19467107500306,31.86,26.78,5.079999999999998,
100,101,-21.0,196.0,197.12178976460214,96.11550356628541,64.88,69.96,-5.079999999999998,
283,284,285.0,-2.0,285.0070174574654,-0.40206904570558194,202.04,196.96,5.079999999999984,
215,216,-7.0,240.0,240.10206163213175,91.67065327139997,158.86,163.94,-5.079999999999984,
97,98,-21.0,201.0,202.09403751719148,95.96448710125313,72.50000000000001,77.58,-5.079999999999984,
270,271,199.0,163.0,257.2353008434107,39.32075028361505,133.46,138.54,-5.079999999999984,
44,45,-148.0,176.0,229.95651762887695,130.0607844578738,167.75,163.94,3.8100000000000023,
285,286,285.0,-1.0,285.00175438056516,-0.20103699783460577,189.34,193.15,-3.8100000000000023,
333,333,19.0,-159.0,160.13119621110684,-83.18564711059025,36.94,33.129999999999995,3.8100000000000023,
327,327,73.0,-114.0,135.36986370680884,-57.36649715321482,24.240000000000002,20.43,3.8100000000000023,
34,35,-144.0,171.0,223.55536227073597,130.10090754621226,134.73000000000002,130.92000000000002,3.8100000000000023,
27,28,-138.0,166.0,215.87033144922904,129.7376046004049,106.79,102.98,3.8100000000000023,
235,236,-12.0,183.0,183.3930205869351,93.75172907052598,49.64,53.45,-3.8100000000000023,
42,43,-149.0,175.0,229.83907413666634,130.4120218759275,160.13,163.94,-3.8100000000000023,
105,106,-20.0,183.0,184.08965207202712,96.2370800764585,50.91,54.72,-3.8100000000000023,
239,240,-15.0,171.0,171.6566340110396,95.0131137550358,39.480000000000004,43.29,-3.809999999999995,
28,29,-140.0,167.0,217.91970998512272,129.97388958430176,110.6,106.79,3.809999999999988,
372,372,-135.0,-174.0,220.22942582679545,-127.80652994470447,115.68,119.49,-3.809999999999988,
30,31,-142.0,167.0,219.20994502987313,130.37449412939492,119.49,115.68,3.809999999999988,
24,25,-134.0,162.0,210.23796041628637,129.5962086397503,96.63,92.82000000000001,3.809999999999988,
4,5,-101.0,114.0,152.3056138164316,131.53981677101356,26.018,29.32,-3.3019999999999996,
362,362,-102.0,-128.0,163.67040050051813,-128.55046529615774,39.480000000000004,36.305,3.1750000000000043,
8,9,-110.0,125.0,166.50825805346713,131.34777721969368,36.305,39.480000000000004,-3.1750000000000043,
391,391,138.0,122.0,184.19554826325202,41.47854662307776,57.895,54.72,3.1750000000000043,
214,215,-6.0,241.0,241.07467722678797,91.42615633559448,166.48,169.02,-2.5400000000000205,
275,276,208.0,168.0,267.37239947309445,38.927543592792304,169.02,166.48,2.5400000000000205,
98,99,-20.0,199.0,200.0024999843752,95.7390984980896,69.96,72.50000000000001,-2.5400000000000205,
240,241,-19.0,167.0,168.0773631397161,96.49077163447568,36.94,39.480000000000004,-2.5400000000000063,
26,27,-138.0,162.0,212.8097742116184,130.42607874009914,102.98,100.44,2.5400000000000063,
151,152,-188.0,3.0,188.0239346466295,179.085783239551,62.34,59.8,2.5400000000000063,
109,110,-18.0,170.0,170.95028517086482,96.04409216224111,39.48,42.02,-2.5400000000000063,
184,185,-142.0,131.0,193.19679086361657,137.30737299696221,67.42,64.88,2.5400000000000063,
358,358,-81.0,-111.0,137.41178988718545,-126.11934084947974,24.240000000000002,21.7,2.5400000000000027,
3,4,-96.0,108.0,144.49913494550754,131.63353933657018,22.97,25.51,-2.5400000000000027,
244,245,-16.0,141.0,141.90489773083945,96.47395596867231,21.7,24.240000000000002,-2.5400000000000027,
326,326,78.0,-118.0,141.4496376806954,-56.534620653644716,26.78,24.24,2.5400000000000027,
170,171,-90.0,83.0,122.42957159118053,137.31706238587134,14.08,16.62,-2.540000000000001,
153,154,-182.0,5.0,182.0686683644388,178.42633594589745,54.72,52.18,2.539999999999999,
335,335,14.0,-180.0,180.54362353736008,-85.55261514990951,52.18,49.64,2.539999999999999,
173,174,-107.0,91.0,140.46351839534705,139.6199234816604,21.7,24.24,-2.539999999999999,
241,242,-16.0,163.0,163.783393541592,95.6061659514666,34.4,36.94,-2.539999999999999,
154,155,-179.0,5.0,179.06981878585793,178.39997528485225,49.64,47.1,2.539999999999999,
236,237,-13.0,180.0,180.46883387443938,94.13085623327642,47.1,49.64,-2.539999999999999,
246,247,-17.0,136.0,137.05838172107534,97.1250163489018,19.16,21.7,-2.539999999999999,
331,331,13.0,-128.0,128.65846260545786,-84.20078237090158,21.7,19.16,2.539999999999999,
171,172,-98.0,83.0,128.42507543311004,139.73744334801012,16.62,19.16,-2.539999999999999,
106,107,-19.0,181.0,181.99450541156455,95.99252744787897,49.64,52.18,-2.539999999999999,
328,328,68.0,-107.0,126.77933585565118,-57.563469398518386,20.43,17.89,2.539999999999999,
238,239,-14.0,173.0,173.5655495770978,94.62657070937152,42.02,44.56,-2.539999999999999,
323,323,101.0,-150.0,180.83417818543043,-56.046303447135095,47.1,49.64,-2.539999999999999,
181,182,-134.0,123.0,181.89282558693733,137.45085263777105,49.64,52.18,-2.539999999999999,
233,234,-13.0,190.0,190.4442175546425,93.91413721861242,57.26,59.8,-2.539999999999999,
103,104,-19.0,189.0,189.952625672824,95.74060663895192,57.26,59.8,-2.539999999999999,
5,6,-102.0,118.0,155.97435686676192,130.84035770628736,29.32,31.86,-2.539999999999999,
237,238,-12.0,177.0,177.40631330367023,93.87852450284771,44.56,47.1,-2.539999999999999,
388,388,121.0,75.0,142.35870187663275,31.7920715372209,26.78,24.240000000000002,2.539999999999999,
175,176,-115.0,100.0,152.3975065412817,138.9909130984298,26.78,29.32,-2.539999999999999,
176,177,-119.0,101.0,156.0833110873805,139.67741785888174,29.32,31.86,-2.539999999999999,
174,175,-112.0,94.0,146.21901381147393,139.9937439858234,24.240000000000002,26.78,-2.539999999999999,
243,244,-18.0,146.0,147.10540438746634,97.0283962389496,24.240000000000002,26.78,-2.539999999999999,
48,49,-146.0,181.0,232.54461937443318,128.8906832147631,181.72,179.18,2.539999999999992,
70,71,-20.0,239.0,239.83536019528063,94.78348094876746,163.94,166.48,-2.539999999999992,
145,146,-200.0,2.0,200.0099997500125,179.42706130231653,77.58,75.04,2.539999999999992,
99,100,-22.0,197.0,198.22462006521792,96.37211139693251,67.42,69.96,-2.539999999999992,
62,63,-19.0,240.0,240.75090861718465,94.52647527909879,163.94,166.48,-2.539999999999992,
16,17,-122.0,148.0,191.80198122021577,129.4995885297981,64.88,62.34,2.539999999999992,
370,370,-131.0,-167.0,212.24985276791125,-128.11174172300534,100.44,97.9,2.539999999999992,
22,23,-134.0,157.0,206.4097865896867,130.48086228529354,86.47,83.93,2.539999999999992,
20,21,-132.0,155.0,203.59027481684876,130.4181441355919,82.66,80.12,2.539999999999992,
69,70,-20.0,241.0,241.82845159327303,94.74396594304045,169.02,171.56,-2.539999999999992,
1,2,-85.0,88.0,122.34786471369249,134.0065311437174,14.715,16.62,-1.9050000000000011,
10,11,-113.0,132.0,173.761330565808,130.5655294938988,43.29,45.195,-1.9050000000000011,
152,153,-186.0,4.0,186.04300578092153,178.76802259736027,59.8,57.895,1.904999999999994,
112,113,-15.0,144.0,144.77914214416384,95.9468630539735,24.24,26.018,-1.7780000000000022,
21,22,-132.0,157.0,205.11703976023054,130.0559255892022,83.93,82.66,1.2700000000000102,
13,14,-118.0,138.0,181.57092278225608,130.53284093861072,52.18,50.91,1.2700000000000031,
14,15,-116.0,141.0,182.58422713914803,129.44396157687495,53.45,52.18,1.2700000000000031,
6,7,-107.0,122.0,162.27445886522005,131.25235502523395,33.129999999999995,34.4,-1.2700000000000031,
116,117,-14.0,121.0,121.80722474467596,96.59991698191388,16.62,15.35,1.2700000000000014,
357,357,-71.0,-99.0,121.82774724995944,-125.64702074990674,16.62,15.35,1.2700000000000014,
164,165,-128.0,10.0,128.39003076563228,175.53284093861072,20.43,19.16,1.2699999999999996,
168,169,-110.0,12.0,110.65260954898443,173.77417093557423,12.81,14.08,-1.2699999999999996,
360,360,-70.0,-84.0,109.34349546269316,-129.8055710922652,12.81,14.08,-1.2699999999999996,
169,170,-84.0,81.0,116.69190203266035,136.04162667600997,12.81,14.08,-1.2699999999999996,
249,250,-15.0,116.0,116.96580696938743,97.36805107162219,12.81,14.08,-1.2699999999999996,
245,246,-17.0,136.0,137.05838172107534,97.1250163489018,20.43,21.7,-1.2699999999999996,
166,167,-119.0,10.0,119.41942890501528,175.19651424093092,15.35,14.08,1.2699999999999996,
247,248,-17.0,125.0,126.15070352558483,97.74471054642292,17.89,16.62,1.2699999999999996,
113,114,-17.0,141.0,142.0211251891774,96.87481802870425,25.51,24.240000000000002,1.2699999999999996,
250,251,69.0,83.0,107.93516572461452,50.26239539959512,12.81,14.08,-1.2699999999999996,
172,173,-105.0,86.0,135.72398461583714,140.68089081796595,19.16,20.43,-1.2699999999999996,
2,3,-90.0,102.0,136.02940858505562,131.42366562500266,19.16,20.43,-1.2699999999999996,
297,297,278.0,12.0,278.25887227544064,2.471664761633412,186.8,188.07,-1.2699999999999818,
35,36,-145.0,171.0,224.2008028531566,130.2963852957068,136.0,134.73000000000002,1.2699999999999818,
117,118,-14.0,119.0,119.82069938036582,96.70983680775694,15.35,14.715,0.6349999999999998,
155,156,-174.0,-2.0,174.01149387324966,-179.3414568224364,44.56,45.195,-0.634999999999998,
108,109,-20.0,176.0,177.13271860387624,96.48307369289724,44.56,45.195,-0.634999999999998,
390,390,33.0,-169.0,172.19175357722565,-78.95109432834526,45.195,44.56,0.634999999999998,
180,181,-130.0,118.0,175.56765077883796,137.7702157972002,44.56,45.195,-0.634999999999998,
46,47,-150.0,178.0,232.7745690577044,130.1207262169933,174.1,174.1,0.0,
43,44,-149.0,176.0,230.6013876801265,130.25094852528468,163.94,163.94,0.0,
284,285,285.0,-1.0,285.00175438056516,-0.20103699783460577,196.96,196.96,0.0,
111,112,-17.0,154.0,154.93547043850222,96.29935370613049,29.32,29.32,0.0,
107,108,-19.0,179.0,180.00555546982432,96.05898772397835,47.1,47.1,0.0,
330,330,12.0,-105.0,105.68348972285122,-83.48019824834302,14.08,14.08,0.0,
158,159,-158.0,6.0,158.11388300841898,177.82525588538996,31.86,31.86,0.0,
182,183,-136.0,124.0,184.04347312523745,137.64254529406472,54.72,54.72,0.0,
15,16,-119.0,144.0,186.80738743422327,129.56994892698805,59.8,59.8,0.0,
157,158,-162.0,6.0,162.11107303327555,177.87890360333856,34.4,34.4,0.0,
274,275,207.0,168.0,266.59519875646674,39.06258390051848,161.4,161.4,0.0,
12,13,-116.0,139.0,181.04419349981927,129.8460914387722,49.64,49.64,0.0,
242,243,-17.0,155.0,155.92947123619703,96.25903630512227,29.32,29.32,0.0,
311,311,165.0,-221.0,275.80065264607333,-53.254748523389594,184.26,184.26,0.0,
336,336,19.0,-188.0,188.95766721676048,-84.22906377842565,59.8,59.8,0.0,
159,160,-155.0,6.0,155.11608556174951,177.7832056592598,29.32,29.32,0.0,
183,184,-139.0,126.0,187.608635195718,137.808484877346,59.8,59.8,0.0,
177,178,-120.0,106.0,160.11246047700348,138.5447664555949,31.86,31.86,0.0,
160,161,-150.0,7.0,150.16324450410627,177.32813540672743,26.78,26.78,0.0,
361,361,-69.0,-88.0,111.8257573191436,-128.0996718307227,14.08,14.08,0.0,
40,41,-148.0,173.0,227.6686188300882,130.5467012556061,151.875,151.875,0.0,
115,116,-17.0,131.0,132.09844813622905,97.39400864259828,19.16,19.16,0.0,
179,180,-125.0,114.0,169.17742166140255,137.63518458245144,39.480000000000004,39.480000000000004,0.0,
38,39,-146.0,173.0,226.37358503146962,130.16204475884004,146.16,146.16,0.0,
162,163,-136.0,8.0,136.23509092741122,176.63353933657018,21.7,21.7,0.0,
11,12,-116.0,135.0,177.99157283422156,130.6711249328096,47.1,47.1,0.0,
324,324,93.0,-140.0,168.07438829280326,-56.404479879147026,39.480000000000004,39.480000000000004,0.0,
156,157,-168.0,4.0,168.04761230080004,178.6360724683971,39.480000000000004,39.480000000000004,0.0,
19,20,-130.0,156.0,203.06649157357302,129.8055710922652,80.12,80.12,0.0,
253,254,99.0,94.0,136.517398158623,43.5159853243379,21.7,21.7,0.0,
161,162,-143.0,8.0,143.22360140703069,176.79797941667786,24.240000000000002,24.240000000000002,0.0,
114,115,-17.0,138.0,139.04315876734103,97.0227938355732,21.7,21.7,0.0,
110,111,-17.0,162.0,162.88953311984167,95.9905947179248,34.4,34.4,0.0,
379,379,-147.0,-186.0,237.0759372015642,-128.32011393677743,169.02,169.02,0.0,
178,179,-123.0,107.0,163.02760502442524,138.9793824526782,34.4,34.4,0.0,
163,164,-131.0,9.0,131.30879635424276,176.06982445427454,19.16,19.16,0.0,
378,378,-146.0,-184.0,234.88720697390056,-128.43123587817888,161.4,161.4,0.0,
63,64,-19.0,243.0,243.74166652421167,94.47082083549518,179.18,179.18,0.0,
9,10,-112.0,128.0,170.0823330037544,131.18592516570965,39.480000000000004,39.480000000000004,0.0,
68,69,-20.0,243.0,243.82165613415063,94.70509697726625,174.1,174.1,0.0,
329,329,37.0,-96.0,102.88342918079665,-68.92250588301327,14.08,14.08,0.0,
255,256,118.0,112.0,162.68988905276197,43.50566640873346,34.4,34.4,0.0,
45,46,-149.0,177.0,231.36551169091732,130.0909378613445,171.56,171.56,0.0,
212,213,-5.0,246.0,246.05080776132397,91.16438804012388,179.18,179.18,0.0,
165,166,-125.0,10.0,125.39936203984452,175.42607874009914,16.62,16.62,0.0,
252,253,86.0,88.0,123.0447073221762,45.65854317756361,16.62,16.62,0.0,
254,255,107.0,103.0,148.51935900750448,43.9087837747374,26.78,26.78,0.0,
248,249,-17.0,120.0,121.19818480488888,98.06324616569727,15.35,15.35,0.0,
348,348,25.0,-249.0,250.25187311986298,-84.26662524162813,148.7,148.7,0.0,
118,119,-15.0,117.0,117.957619508025,97.30575953331083,14.08,14.08,0.0,
167,168,-113.0,10.0,113.44161493913951,174.94275146744087,14.08,14.08,0.0,
251,252,77.0,83.0,113.21660655575224,47.147585428298505,14.08,14.08,0.0,
211,212,-4.0,246.0,246.03251817595168,90.93155659807748,186.8,186.8,0.0,
