csv_line,x,y,measured_cm,radius_px,nearest_neighbor_px,local_neighbor_median_cm,local_residual_cm,abs_local_residual_cm,robust_z_vs_neighbors
280,201,11,59.8,201.30076999355964,31.0,148.7,-88.89999999999999,88.89999999999999,1.573811772112055
281,232,11,85.2,232.26062946612367,19.4164878389476,162.67000000000002,-77.47000000000001,77.47000000000001,2.057196816403615
282,251,15,110.6,251.44780770569466,11.40175425099138,167.75,-57.150000000000006,57.150000000000006,2.5293403480372305
377,-154,105,99.805,186.38937737972086,18.027756377319946,57.26,42.54500000000001,42.54500000000001,3.22792006320942
55,-150,186,227.44,238.94769302087852,2.8284271247461903,187.1175,40.32249999999999,40.32249999999999,4.079063164453691
284,262,12,136.0,262.2746651889961,9.055385138137417,175.37,-39.370000000000005,39.370000000000005,2.323245949308271
56,-20,245,209.66,245.81497106563708,1.0,174.10000000000002,35.559999999999974,35.559999999999974,2.0984156961494045
372,-151,-191,207.12,243.47895186237352,1.4142135623730951,172.82999999999998,34.29000000000002,34.29000000000002,1.5176042088223405
287,171,-221,204.58,279.4315658618403,1.0,172.82999999999998,31.75000000000003,31.75000000000003,1.686226898691491
345,27,-262,207.12,263.38754716197195,1.0,175.37,31.75,31.75,1.4051890822429072
196,-6,247,212.2,247.07286374670934,1.4142135623730951,182.99,29.20999999999998,29.20999999999998,1.410298860723789
61,-20,247,202.04,247.80839372386077,2.0,174.10000000000002,27.93999999999997,27.93999999999997,1.6487551898316744
288,169,-222,199.5,279.00716836669267,1.4142135623730951,172.82999999999998,26.670000000000016,26.670000000000016,1.416430594900852
371,-150,-190,199.5,242.0743687382041,1.4142135623730951,172.82999999999998,26.670000000000016,26.670000000000016,1.1803588290840428
195,-168,158,204.58,230.62523712724936,0.0,177.91,26.670000000000016,26.670000000000016,1.4164305949008504
382,-148,88,59.8,172.18594600024707,18.027756377319946,33.129999999999995,26.67,26.67,2.832861189801701
344,26,-262,202.04,263.28691574022434,1.0,175.37,26.669999999999987,26.669999999999987,1.1803588290840414
112,-233,-4,212.2,233.03433223454437,1.4142135623730951,186.8,25.399999999999977,25.399999999999977,0.999245569594956
351,-102,-128,39.48,163.67040050051813,6.708203932499369,64.245,-24.765000000000008,24.765000000000008,1.6440712262242019
289,170,-221,196.96,278.8207309365643,1.0,172.82999999999998,24.130000000000024,24.130000000000024,1.2815324430055333
349,-70,-84,12.81,109.34349546269316,4.123105625617661,35.67,-22.86,22.86,1.0117361392148927
278,277,-3,163.94,277.01624501101014,1.4142135623730951,185.53,-21.590000000000003,21.590000000000003,1.6380489873003028
194,-168,158,199.5,230.62523712724936,0.0,177.91,21.590000000000003,21.590000000000003,1.1466342911102119
197,-5,250,204.58,250.04999500099976,2.23606797749979,182.99,21.590000000000003,21.590000000000003,1.0423948101001927
350,-69,-88,14.08,111.8257573191436,4.123105625617661,35.67,-21.590000000000003,21.590000000000003,0.9555285759251765
380,-8,179,68.69,179.17868176767013,4.47213595499958,47.1,21.589999999999996,21.589999999999996,4.318
352,-105,-134,47.1,170.23806859806652,6.708203932499369,68.055,-20.955000000000005,20.955000000000005,1.8548495885606378
285,271,11,161.4,271.2231553536681,7.0710678118654755,181.72,-20.319999999999993,20.319999999999993,1.5416931645179313
332,24,-234,110.6,235.2275494069519,3.0,129.65,-19.05000000000001,19.05000000000001,0.8431134493457447
370,-149,-189,191.88,240.66989840858787,0.0,172.82999999999998,19.05000000000001,19.05000000000001,0.6744907594765958
346,-71,-99,16.62,121.82774724995944,11.180339887498949,35.67,-19.05,19.05,0.7782585686268404
308,131,-181,77.58,223.4323163734378,6.324555320336759,96.63,-19.049999999999997,19.049999999999997,1.1241512657943251
343,25,-261,194.42,262.1945842308723,1.4142135623730951,175.37,19.049999999999983,19.049999999999983,0.8431134493457427
113,-231,-5,205.85,231.05410621756974,2.23606797749979,186.8,19.049999999999983,19.049999999999983,0.6323350870093081
119,-225,-2,153.78,225.00888871331284,1.4142135623730951,171.56,-17.78,17.78,0.47214353163361655
189,-165,156,166.48,227.0704736419951,1.0,184.26,-17.78,17.78,0.9442870632672331
60,-20,244,191.88,244.8182999695897,1.0,174.10000000000002,17.779999999999973,17.779999999999973,1.0492078480747014
188,-165,155,161.4,226.38462845343543,1.0,177.91,-16.50999999999999,16.50999999999999,0.8768379873195731
283,279,14,202.04,279.35103364763125,2.23606797749979,185.53,16.50999999999999,16.50999999999999,1.2526256961708189
198,-3,249,199.5,249.0180716333656,1.0,182.99,16.50999999999999,16.50999999999999,0.7971254430177931
271,215,173,202.04,275.9601420495358,2.0,185.53,16.50999999999999,16.50999999999999,1.2526256961708189
272,285,-2,202.04,285.0070174574654,1.0,185.53,16.50999999999999,16.50999999999999,1.2526256961708189
54,-147,185,203.31,236.29219199965115,1.4142135623730951,187.1175,16.192499999999995,16.192499999999995,1.6380489873003012
251,172,146,80.12,225.61028345356956,5.0,95.36,-15.239999999999995,15.239999999999995,1.011736139214892
307,133,-187,85.2,229.4733099948663,5.830951894845301,100.44,-15.239999999999995,15.239999999999995,1.348981518953189
114,-234,-3,202.04,234.01922997907673,1.4142135623730951,186.8,15.23999999999998,15.23999999999998,0.4625079493553794
239,69,83,12.81,107.93516572461452,8.0,26.78,-13.97,13.97,1.0599140506060785
193,-168,157,191.88,229.94129685639334,1.0,177.91,13.969999999999999,13.969999999999999,0.6744907594765952
256,192,160,115.68,249.92798962901293,2.23606797749979,129.65,-13.969999999999999,13.969999999999999,0.7419398354242549
187,-164,155,156.32,225.656819085974,1.0,170.29,-13.969999999999999,13.969999999999999,0.6744907594765945
277,278,-2,171.56,278.0071941515183,1.4142135623730951,185.53,-13.969999999999999,13.969999999999999,1.059914050606078
374,180,125,97.9,219.14607000811125,20.518284528683193,83.93,13.969999999999999,13.969999999999999,0.6744907594765952
381,-82,151,63.61,171.82840277439584,22.80350850198276,50.275,13.335,13.335,1.770538243626062
385,-100,137,58.53,169.61426826773743,7.0710678118654755,45.195,13.335,13.335,1.5738117721120557
373,-101,130,50.91,164.62381358722072,7.0710678118654755,37.8925,13.017499999999998,13.017499999999998,1.7283825711587744
177,-152,142,92.82,208.00961516237658,1.0,105.52000000000001,-12.700000000000017,12.700000000000017,0.749434177196218
117,-230,-2,181.72,230.00869548780108,2.0,194.42000000000002,-12.700000000000017,12.700000000000017,0.5865137038926932
297,165,-217,166.48,272.6059427085184,1.0,179.18,-12.700000000000017,12.700000000000017,0.44966050631773086
176,-151,140,87.74,205.91503102007877,2.23606797749979,100.44,-12.700000000000003,12.700000000000003,0.843113449345744
175,-150,136,82.66,202.47468977627796,4.123105625617661,95.36,-12.700000000000003,12.700000000000003,0.843113449345744
240,77,83,14.08,113.21660655575224,8.0,26.78,-12.700000000000001,12.700000000000001,0.9635582278237077
186,-163,153,151.24,223.55759884199867,1.4142135623730951,163.94,-12.699999999999989,12.699999999999989,0.6131734177059951
59,-19,244,186.8,244.73863609981976,1.0,174.10000000000002,12.699999999999989,12.699999999999989,0.6744907594765936
322,19,-159,36.94,160.13119621110684,11.180339887498949,48.6875,-11.747500000000002,11.747500000000002,0.5309820872475325
361,-137,-176,123.3,223.03587155433092,2.8284271247461903,134.73000000000002,-11.430000000000021,11.430000000000021,0.40469445568595797
357,-129,-164,92.82,208.65521800328887,3.605551275463989,104.25,-11.430000000000007,11.430000000000007,0.40469445568595747
261,203,167,146.16,262.86498435508673,2.0,157.59,-11.430000000000007,11.430000000000007,0.40469445568595747
260,202,164,138.54,260.1922366251537,3.1622776601683795,149.97,-11.430000000000007,11.430000000000007,0.4336012025206685
353,-113,-146,62.34,184.6212338816963,8.06225774829855,73.77000000000001,-11.430000000000007,11.430000000000007,0.5058680696074471
254,184,155,100.44,240.58470441821524,5.0990195135927845,111.87,-11.430000000000007,11.430000000000007,0.4669551411761045
300,165,-221,184.26,275.80065264607333,3.0,172.82999999999998,11.430000000000007,11.430000000000007,0.43360120252066925
342,25,-258,186.8,259.20841035738016,2.23606797749979,175.37,11.430000000000007,11.430000000000007,0.40469445568595747
340,25,-255,171.56,256.2225595063791,1.4142135623730951,182.99,-11.430000000000007,11.430000000000007,0.40469445568595747
339,27,-253,163.94,254.4366325826531,2.8284271247461903,175.37,-11.430000000000007,11.430000000000007,0.40469445568595747
359,-131,-171,108.06,215.41123461880997,4.0,119.49000000000001,-11.430000000000007,11.430000000000007,0.40469445568595747
334,24,-240,125.84,241.19701490690136,3.0,137.27,-11.430000000000007,11.430000000000007,0.40469445568595747
333,24,-237,118.22,238.2120903732638,3.0,129.65,-11.430000000000007,11.430000000000007,0.40469445568595747
329,21,-216,87.74,217.0184323968819,4.0,99.17,-11.430000000000007,11.430000000000007,0.40469445568595747
337,25,-249,148.7,250.25187311986298,2.0,160.13,-11.430000000000007,11.430000000000007,0.40469445568595747
358,-131,-167,100.44,212.24985276791125,3.605551275463989,111.87,-11.430000000000007,11.430000000000007,0.40469445568595713
360,-135,-174,115.68,220.22942582679545,2.8284271247461903,127.11000000000001,-11.430000000000007,11.430000000000007,0.40469445568595747
369,-149,-189,184.26,240.66989840858787,0.0,172.82999999999998,11.430000000000007,11.430000000000007,0.40469445568595747
295,162,-213,151.24,267.6060537431842,1.4142135623730951,162.67000000000002,-11.430000000000007,11.430000000000007,0.5058680696074469
291,151,-197,108.06,248.21361767638777,3.1622776601683795,119.49000000000001,-11.430000000000007,11.430000000000007,0.6744907594765952
306,138,-190,92.82,234.82759633399138,5.830951894845301,104.25,-11.430000000000007,11.430000000000007,1.0117361392148927
202,-6,244,171.56,244.07375934335914,2.23606797749979,182.99,-11.430000000000007,11.430000000000007,0.4669551411761045
273,285,-1,196.96,285.00175438056516,0.0,185.53,11.430000000000007,11.430000000000007,0.7588021044111704
270,213,173,196.96,274.40481045346127,2.0,185.53,11.430000000000007,11.430000000000007,0.867202405041337
249,159,136,64.88,209.2295390235327,8.06225774829855,76.31,-11.430000000000007,11.430000000000007,0.4414848607483173
311,112,-156,54.72,192.04166214652486,9.848857801796104,66.15,-11.430000000000007,11.430000000000007,0.40469445568595735
253,180,151,92.82,234.94893062110327,4.47213595499958,104.25,-11.430000000000007,11.430000000000007,0.4669551411761045
250,166,140,72.5,217.1543230055529,8.06225774829855,83.93,-11.430000000000007,11.430000000000007,0.5058680696074469
310,116,-165,62.34,201.6953147695801,9.848857801796104,73.77000000000001,-11.430000000000007,11.430000000000007,0.40469445568595747
365,-144,-183,153.78,232.86262044390037,2.0,165.21,-11.430000000000007,11.430000000000007,0.40469445568595747
262,205,167,153.78,264.41255643406953,2.0,165.21,-11.430000000000007,11.430000000000007,0.40469445568595747
364,-144,-181,146.16,231.29418496797535,2.0,157.59,-11.430000000000007,11.430000000000007,0.40469445568595747
363,-141,-180,138.54,228.65038814749474,2.8284271247461903,149.97,-11.430000000000007,11.430000000000007,0.40469445568595747
347,-81,-111,24.24,137.41178988718545,11.40175425099138,35.67,-11.430000000000003,11.430000000000003,0.3794010522055849
143,-179,5,49.64,179.06981878585793,3.0,61.07,-11.43,11.43,1.214083367057871
321,22,-138,29.32,139.74262055650738,13.45362404707371,40.75,-11.43,11.43,0.5058680696074465
324,14,-180,52.18,180.54362353736008,9.433981132056603,63.61,-11.43,11.43,0.4414848607483168
318,37,-96,14.08,102.88342918079665,26.570660511172846,25.509999999999998,-11.429999999999998,11.429999999999998,1.7344048100826728
319,12,-105,14.08,105.68348972285122,23.021728866442675,25.509999999999998,-11.429999999999998,11.429999999999998,1.7344048100826728
320,13,-128,21.7,128.65846260545786,13.45362404707371,33.129999999999995,-11.429999999999996,11.429999999999996,0.6226068549014723
309,125,-173,69.96000000000001,213.43383049554257,10.0,81.39,-11.429999999999993,11.429999999999993,0.40469445568595697
173,-142,131,67.42,193.19679086361657,5.0,78.85,-11.429999999999993,11.429999999999993,0.4669551411761041
215,-6,218,95.36,218.08255317654368,2.23606797749979,106.78999999999999,-11.429999999999993,11.429999999999993,0.674490759476594
355,-122,-154,77.58,196.468827043885,4.47213595499958,89.00999999999999,-11.429999999999993,11.429999999999993,0.40469445568595697
328,21,-212,80.12,213.03755537463343,4.0,91.55,-11.429999999999993,11.429999999999993,0.41864943691650713
330,22,-223,95.36,224.08257406590099,6.082762530298219,106.78999999999999,-11.429999999999993,11.429999999999993,0.4046944556859568
331,21,-229,102.98,229.96086623597503,5.830951894845301,114.41,-11.429999999999993,11.429999999999993,0.4046944556859568
356,-125,-160,85.2,203.03940504246953,5.656854249492381,96.63,-11.429999999999993,11.429999999999993,0.4046944556859568
354,-120,-150,69.96000000000001,192.09372712298546,4.47213595499958,81.39,-11.429999999999993,11.429999999999993,0.4496605063177299
362,-139,-178,130.92000000000002,225.84286572747877,2.8284271247461903,142.35,-11.429999999999978,11.429999999999978,0.4046944556859563
264,208,168,169.02,267.37239947309445,1.0,180.45,-11.429999999999978,11.429999999999978,0.6070416835289344
263,207,168,161.4,266.59519875646674,1.0,172.82999999999998,-11.429999999999978,11.429999999999978,0.40469445568595647
367,-147,-186,169.02,237.0759372015642,2.23606797749979,180.45,-11.429999999999978,11.429999999999978,0.40469445568595647
366,-146,-184,161.4,234.88720697390056,2.23606797749979,172.82999999999998,-11.429999999999978,11.429999999999978,0.40469445568595647
336,25,-247,141.08,248.26195842295292,2.0,152.51,-11.429999999999978,11.429999999999978,0.40469445568595647
335,25,-244,133.46,245.27739398485136,3.0,144.89,-11.429999999999978,11.429999999999978,0.40469445568595647
379,138,122,57.895,184.19554826325202,4.123105625617661,47.1,10.795000000000002,10.795000000000002,0.6370190506167844
29,-140,167,110.6,217.91970998512272,1.0,121.395,-10.795000000000002,10.795000000000002,0.955528575925176
378,33,-169,45.195,172.19175357722565,17.204650534085253,55.989999999999995,-10.794999999999995,10.794999999999995,0.49853664830878736
327,24,-205,73.77,206.40009689920205,6.708203932499369,83.93,-10.16000000000001,10.16000000000001,0.3854232911294833
241,86,88,16.62,123.0447073221762,10.295630140987,26.78,-10.16,10.16,0.6744907594765954
185,-162,152,143.62,222.14409737825582,1.4142135623730951,153.78,-10.159999999999997,10.159999999999997,0.44966050631773014
190,-166,156,174.1,227.7981562699751,1.0,184.26,-10.159999999999997,10.159999999999997,0.4150712366009814
115,-232,-2,196.96,232.0086205294967,0.0,186.8,10.159999999999997,10.159999999999997,0.30833863290358654
255,189,156,108.06,245.0652974209119,5.0,118.22,-10.159999999999997,10.159999999999997,0.4150712366009814
201,-5,246,179.18,246.05080776132397,1.0,189.34,-10.159999999999997,10.159999999999997,0.4150712366009814
209,-6,230,125.84,230.07824755939012,1.4142135623730951,136.0,-10.159999999999997,10.159999999999997,0.41507123660098155
258,197,162,125.84,255.05489605181077,2.23606797749979,136.0,-10.159999999999997,10.159999999999997,0.41507123660098155
174,-146,134,75.04,198.17164277464119,4.47213595499958,85.19999999999999,-10.159999999999982,10.159999999999982,0.4496605063177293
204,-7,240,158.86,240.10206163213175,1.4142135623730951,169.01999999999998,-10.159999999999968,10.159999999999968,0.4150712366009802
53,-148,184,196.96,236.13555429032706,1.4142135623730951,187.1175,9.842500000000001,9.842500000000001,0.9956768354178305
216,-8,213,87.74,213.15018179677915,4.0,97.265,-9.525000000000006,9.525000000000006,1.0117361392148931
48,-149,178,179.18,232.13142829009604,1.0,169.655,9.525000000000006,9.525000000000006,0.843113449345744
46,-149,177,171.56,231.36551169091732,1.0,162.035,9.525000000000006,9.525000000000006,0.8093889113719147
42,-149,175,156.32,229.83907413666634,0.0,165.845,-9.525000000000006,9.525000000000006,0.9197601265589941
326,21,-199,67.42,200.10497245196083,6.708203932499369,76.945,-9.524999999999991,9.524999999999991,0.36133433543388993
203,-6,241,166.48,241.07467722678797,1.4142135623730951,175.37,-8.890000000000015,8.890000000000015,0.36318733202585973
192,-168,156,186.8,229.2596780945136,0.0,177.91,8.890000000000015,8.890000000000015,0.39345294302801465
265,210,168,176.64,268.93121797217964,2.0,185.53,-8.890000000000015,8.890000000000015,0.590179414542022
205,-6,239,153.78,239.07530194480566,1.4142135623730951,162.67000000000002,-8.890000000000015,8.890000000000015,0.36318733202585946
252,176,149,87.74,230.6013876801265,4.47213595499958,96.63,-8.89,8.89,0.3372453797382976
246,134,121,44.56,180.54639292990598,4.123105625617661,53.45,-8.89,8.89,0.4721435316336167
257,194,161,120.76,252.10513679812237,2.23606797749979,129.65,-8.89,8.89,0.39345294302801403
210,-7,229,120.76,229.10696191953662,1.4142135623730951,129.65,-8.89,8.89,0.39345294302801403
279,161,17,34.4,161.89502771858065,40.44749683231337,43.29,-8.89,8.89,0.24849659559664036
259,199,163,133.46,257.2353008434107,2.23606797749979,142.35,-8.889999999999986,8.889999999999986,0.33724537973829705
269,212,171,194.42,272.3692346796899,1.0,185.53,8.889999999999986,8.889999999999986,0.5901794145420193
303,152,-204,115.68,254.40125785852553,1.4142135623730951,124.57,-8.889999999999986,8.889999999999986,0.4292213923941963
30,-141,167,115.68,218.56349191939628,1.0,124.57,-8.889999999999986,8.889999999999986,0.7263746640517147
199,-3,248,191.88,248.0181444975347,1.0,182.99,8.889999999999986,8.889999999999986,0.3631873320258583
247,143,125,49.64,189.9315666233499,5.830951894845301,57.5775,-7.9375,7.9375,0.3832333860662473
5,-101,114,26.018,152.3056138164316,4.123105625617661,33.765,-7.747,7.747,1.028598408201808
66,-18,236,148.7,236.6854452643846,1.4142135623730951,156.32,-7.6200000000000045,7.6200000000000045,0.5058680696074469
245,125,120,39.48,173.27723451163456,9.055385138137417,47.1,-7.6200000000000045,7.6200000000000045,0.4375075196604944
183,-159,148,128.38,217.22108553268947,0.0,120.75999999999999,7.6200000000000045,7.6200000000000045,0.31130342745073647
123,-218,2,125.84,218.00917411888886,1.0,118.22,7.6200000000000045,7.6200000000000045,0.404694455685957
384,-163,-4,44.56,163.04907236779974,9.433981132056603,36.94,7.6200000000000045,7.6200000000000045,0.6744907594765955
178,-153,142,97.9,208.7414668914636,1.0,105.52000000000001,-7.6200000000000045,7.6200000000000045,0.36790405062359743
67,-19,235,143.62,235.76683396949622,1.4142135623730951,151.24,-7.6200000000000045,7.6200000000000045,0.40469445568595774
299,165,-218,171.56,273.40263349134,1.0,179.18,-7.6200000000000045,7.6200000000000045,0.2697963037906383
128,-210,2,100.44,210.00952359357422,1.0,108.06,-7.6200000000000045,7.6200000000000045,0.36790405062359743
290,149,-192,100.44,243.03291958086666,5.385164807134504,108.06,-7.6200000000000045,7.6200000000000045,0.4496605063177304
305,143,-197,100.44,243.4296612987004,5.0990195135927845,108.06,-7.6200000000000045,7.6200000000000045,0.4496605063177304
127,-211,2,105.52,211.00947846009194,1.0,113.14,-7.6200000000000045,7.6200000000000045,0.40469445568595724
317,68,-107,20.43,126.77933585565118,8.602325267042627,28.05,-7.620000000000001,7.620000000000001,0.6744907594765954
244,118,112,34.4,162.68988905276197,10.63014581273465,42.019999999999996,-7.619999999999997,7.619999999999997,0.3372453797382976
144,-174,-2,44.56,174.01149387324966,8.48528137423857,52.18,-7.619999999999997,7.619999999999997,0.5781349366942242
170,-134,123,49.64,181.89282558693733,2.23606797749979,57.26,-7.619999999999997,7.619999999999997,0.33724537973829755
179,-155,144,102.98,211.56795598577776,1.4142135623730951,110.6,-7.61999999999999,7.61999999999999,0.33724537973829727
157,-110,12,12.81,110.65260954898443,3.605551275463989,19.795,-6.985000000000001,6.985000000000001,1.2365663923737584
25,-134,162,96.63,210.23796041628637,2.0,89.645,6.984999999999999,6.984999999999999,0.6182831961868784
16,-119,144,59.8,186.80738743422327,4.242640687119285,52.815,6.984999999999999,6.984999999999999,0.6182831961868791
141,-186,4,59.8,186.04300578092153,2.23606797749979,66.15,-6.3500000000000085,6.3500000000000085,0.8431134493457455
131,-202,3,85.2,202.02227599945508,1.0,78.85,6.3500000000000085,6.3500000000000085,0.8431134493457455
142,-182,5,54.72,182.0686683644388,3.0,61.07,-6.350000000000001,6.350000000000001,0.5620756328971624
316,73,-114,24.24,135.36986370680884,6.4031242374328485,30.59,-6.350000000000001,6.350000000000001,0.44966050631773036
158,-84,81,12.81,116.69190203266035,6.324555320336759,19.16,-6.35,6.35,1.27
276,280,-2,179.18,280.0071427660373,0.0,185.53,-6.349999999999994,6.349999999999994,0.3372453797382972
18,-132,147,75.04,197.56770991232347,2.23606797749979,81.39,-6.349999999999994,6.349999999999994,0.8431134493457436
28,-138,166,106.79,215.87033144922904,2.23606797749979,113.14,-6.349999999999994,6.349999999999994,0.4215567246728718
129,-207,3,92.82,207.02173798903343,2.0,86.47,6.349999999999994,6.349999999999994,0.5620756328971623
118,-226,-1,161.4,226.00221237855172,1.4142135623730951,167.75,-6.349999999999994,6.349999999999994,0.16059303797061775
6,-102,118,29.32,155.97435686676192,4.123105625617661,35.3525,-6.032499999999999,6.032499999999999,0.6744907594765952
36,-145,171,136.0,224.2008028531566,0.0,142.0325,-6.032499999999999,6.032499999999999,0.5339718512523051
45,-148,176,167.75,229.95651762887695,1.0,162.035,5.715000000000003,5.715000000000003,0.39163979582512
10,-112,128,39.48,170.0823330037544,3.605551275463989,45.195,-5.715000000000003,5.715000000000003,0.6070416835289363
50,-146,182,184.895,233.32380932943812,1.0,190.61,-5.715000000000003,5.715000000000003,0.3794010522055846
43,-149,175,160.13,229.83907413666634,0.0,165.845,-5.715000000000003,5.715000000000003,0.5518560759353964
156,-113,10,14.08,113.44161493913951,3.605551275463989,19.795,-5.715000000000002,5.715000000000002,1.0117361392148934
22,-132,157,83.93,205.11703976023054,2.0,89.645,-5.714999999999989,5.714999999999989,0.5058680696074451
49,-146,181,181.72,232.54461937443318,1.0,187.1175,-5.397500000000008,5.397500000000008,0.4095122468250762
75,-19,223,111.87,223.80795338861395,2.0,106.78999999999999,5.0800000000000125,5.0800000000000125,0.4496605063177318
286,278,12,186.8,278.25887227544064,2.23606797749979,181.72,5.0800000000000125,5.0800000000000125,0.2697963037906387
266,212,170,184.26,271.7425251961864,0.0,189.34,-5.0800000000000125,5.0800000000000125,0.33724537973829855
145,-168,4,39.48,168.04761230080004,6.324555320336759,44.56,-5.080000000000005,5.080000000000005,0.337245379738298
242,99,94,21.7,136.517398158623,12.041594578792296,26.78,-5.080000000000002,5.080000000000002,0.29977367087848694
159,-90,83,14.08,122.42957159118053,6.324555320336759,19.16,-5.08,5.08,1.016
19,-131,149,76.31,198.39858870465787,2.23606797749979,81.39,-5.079999999999998,5.079999999999998,0.5995473417569737
20,-130,156,80.12,203.06649157357302,2.23606797749979,85.2,-5.079999999999998,5.079999999999998,0.4150712366009817
31,-142,167,119.49,219.20994502987313,1.0,124.57,-5.079999999999998,5.079999999999998,0.3597284050541838
302,153,-205,123.3,255.80070367377803,1.4142135623730951,128.38,-5.079999999999998,5.079999999999998,0.2452693670823982
147,-158,6,31.86,158.11388300841898,3.0,36.94,-5.079999999999998,5.079999999999998,0.4496605063177297
168,-125,114,39.48,169.17742166140255,6.4031242374328485,34.4,5.079999999999998,5.079999999999998,0.5395926075812761
64,-20,239,158.86,239.83536019528063,0.0,163.94,-5.079999999999984,5.079999999999984,0.2697963037906372
116,-232,-2,191.88,232.0086205294967,0.0,186.8,5.079999999999984,5.079999999999984,0.15416931645179285
7,-107,122,33.129999999999995,162.27445886522005,3.605551275463989,37.8925,-4.762500000000003,4.762500000000003,0.45988006327949704
52,-147,182,191.88,233.95084953895764,1.0,187.1175,4.762499999999989,4.762499999999989,0.3613343354338894
155,-119,10,15.35,119.41942890501528,6.0,19.795,-4.445000000000002,4.445000000000002,0.7869058860560283
238,-15,116,12.81,116.96580696938743,1.0,17.255000000000003,-4.445000000000002,4.445000000000002,0.8890000000000005
2,-85,88,14.715,122.34786471369249,7.0710678118654755,19.16,-4.445,4.445,0.889
34,-143,171,130.92000000000002,222.91253890259293,1.0,135.365,-4.444999999999993,4.444999999999993,0.33724537973829705
383,-128,-131,66.15,183.15294155431957,9.433981132056603,70.595,-4.444999999999993,4.444999999999993,0.2623019620186755
47,-150,178,174.1,232.7745690577044,1.0,169.655,4.444999999999993,4.444999999999993,0.31476235442241046
248,150,131,57.26,199.15069670980316,9.219544457292887,61.3875,-4.127500000000005,4.127500000000005,0.19485288607101658
323,14,-169,44.56,169.57889019568444,11.0,48.6875,-4.127499999999998,4.127499999999998,0.18267458069157774
39,-146,173,146.16,226.37358503146962,1.0,142.0325,4.127499999999998,4.127499999999998,0.365349161383156
32,-142,168,123.3,219.97272558205938,0.0,127.11000000000001,-3.8100000000000165,3.8100000000000165,0.31130342745073747
274,285,-1,189.34,285.00175438056516,0.0,185.53,3.8100000000000023,3.8100000000000023,0.25293403480372345
140,-188,3,62.34,188.0239346466295,2.23606797749979,66.15,-3.8100000000000023,3.8100000000000023,0.40469445568595724
191,-168,156,181.72,229.2596780945136,0.0,177.91,3.8100000000000023,3.8100000000000023,0.16862268986914894
139,-191,3,64.88,191.02355875650522,1.4142135623730951,68.69,-3.8100000000000023,3.8100000000000023,0.40469445568595724
138,-192,4,67.42,192.04166214652486,1.4142135623730951,71.23,-3.8100000000000023,3.8100000000000023,0.40469445568595724
298,167,-218,174.1,274.6142749385035,2.0,177.91,-3.8100000000000023,3.8100000000000023,0.13489815189531915
136,-196,4,72.5,196.04081207748553,1.0,76.31,-3.8100000000000023,3.8100000000000023,0.40469445568595774
217,-8,209,80.12,209.15305400591214,4.0,83.93,-3.8100000000000023,3.8100000000000023,0.20234722784297876
134,-200,2,77.58,200.0099997500125,1.4142135623730951,81.39,-3.8100000000000023,3.8100000000000023,0.40469445568595774
304,148,-198,108.06,247.20032362438363,3.1622776601683795,111.87,-3.8100000000000023,3.8100000000000023,0.22483025315886507
132,-202,4,82.66,202.03960007879644,1.0,78.85,3.8100000000000023,3.8100000000000023,0.40469445568595724
137,-194,3,69.96000000000001,194.02319448973105,2.23606797749979,73.77000000000001,-3.8100000000000023,3.8100000000000023,0.40469445568595724
221,-12,194,59.8,194.3707796969493,4.123105625617661,63.61,-3.8100000000000023,3.8100000000000023,0.4046944556859575
106,-17,141,25.51,142.0211251891774,1.0,21.7,3.8100000000000023,3.8100000000000023,0.7620000000000005
87,-19,207,80.12,207.87015177749788,1.4142135623730951,83.93,-3.8100000000000023,3.8100000000000023,0.40469445568595724
93,-21,196,64.88,197.12178976460214,1.4142135623730951,68.69,-3.8100000000000023,3.8100000000000023,0.40469445568595724
226,-12,177,44.56,177.40631330367023,3.1622776601683795,48.370000000000005,-3.8100000000000023,3.8100000000000023,0.7620000000000005
315,78,-118,26.78,141.4496376806954,6.4031242374328485,30.59,-3.8099999999999987,3.8099999999999987,0.26979630379063807
376,121,75,26.78,142.35870187663275,29.068883707497267,30.59,-3.8099999999999987,3.8099999999999987,0.224830253158865
149,-150,7,26.78,150.16324450410627,5.0990195135927845,30.59,-3.8099999999999987,3.8099999999999987,0.33724537973829755
243,107,103,26.78,148.51935900750448,12.041594578792296,30.59,-3.8099999999999987,3.8099999999999987,0.224830253158865
148,-155,6,29.32,155.11608556174951,3.0,33.129999999999995,-3.809999999999995,3.809999999999995,0.3372453797382972
14,-118,138,52.18,181.57092278225608,2.23606797749979,48.370000000000005,3.809999999999995,3.809999999999995,0.36790405062359655
230,-16,163,34.4,163.783393541592,1.4142135623730951,38.209999999999994,-3.809999999999995,3.809999999999995,0.6744907594765939
103,-17,162,34.4,162.88953311984167,1.4142135623730951,38.209999999999994,-3.809999999999995,3.809999999999995,0.6744907594765939
89,-20,204,75.04,204.9780476051033,3.0,78.85,-3.809999999999988,3.809999999999988,0.40469445568595624
77,-20,220,105.52,220.90722034374522,1.0,101.71000000000001,3.809999999999988,3.809999999999988,0.40469445568595575
130,-205,3,87.74,205.0219500443794,2.0,83.93,3.809999999999988,3.809999999999988,0.33724537973829666
8,-110,124,34.4,165.75886099994776,1.0,37.8925,-3.4924999999999997,3.4924999999999997,0.3372453797382976
35,-144,171,134.73000000000002,223.55536227073597,1.0,138.2225,-3.4924999999999784,3.4924999999999784,0.30914159809343794
4,-96,108,22.97,144.49913494550754,7.810249675906654,26.399,-3.429000000000002,3.429000000000002,0.607041683528936
111,-15,117,14.08,117.957619508025,1.0,17.255000000000003,-3.1750000000000025,3.1750000000000025,0.6350000000000005
154,-125,10,16.62,125.39936203984452,3.0,19.795,-3.1750000000000007,3.1750000000000007,0.4817791139118539
375,-136,-126,71.23,185.39687160251654,9.433981132056603,68.055,3.174999999999997,3.174999999999997,0.16059303797061783
57,-19,240,163.94,240.75090861718465,1.4142135623730951,166.48000000000002,-2.5400000000000205,2.5400000000000205,0.1348981518953201
15,-116,141,53.45,182.58422713914803,2.0,50.91,2.5400000000000063,2.5400000000000063,0.2248302531588656
17,-122,148,64.88,191.80198122021577,5.0,67.42,-2.5400000000000063,2.5400000000000063,0.12847443037649464
21,-132,155,82.66,203.59027481684876,2.0,85.2,-2.5400000000000063,2.5400000000000063,0.20753561830049144
214,-9,219,99.17,219.18485349129398,1.0,101.71000000000001,-2.5400000000000063,2.5400000000000063,0.22483025315886568
218,-8,205,75.04,205.15603817582362,4.0,77.58000000000001,-2.5400000000000063,2.5400000000000063,0.269796303790639
225,-13,180,47.1,180.46883387443938,3.1622776601683795,49.64,-2.539999999999999,2.539999999999999,0.5079999999999998
227,-14,173,42.02,173.5655495770978,2.23606797749979,44.56,-2.539999999999999,2.539999999999999,0.4496605063177297
235,-17,136,19.16,137.05838172107534,0.0,21.7,-2.539999999999999,2.539999999999999,0.5079999999999998
153,-128,10,20.43,128.39003076563228,3.0,17.89,2.539999999999999,2.539999999999999,0.44966050631773
160,-98,83,16.62,128.42507543311004,7.615773105863909,19.16,-2.539999999999999,2.539999999999999,0.3597284050541841
229,-19,167,36.94,168.0773631397161,3.1622776601683795,39.48,-2.539999999999999,2.539999999999999,0.3372453797382976
268,212,170,191.88,271.7425251961864,0.0,189.34,2.539999999999992,2.539999999999992,0.16862268986914833
220,-11,198,64.88,198.3053201505194,2.23606797749979,67.41999999999999,-2.539999999999992,2.539999999999992,0.3372453797382962
62,-20,241,169.02,241.82845159327303,1.4142135623730951,171.56,-2.539999999999992,2.539999999999992,0.12263468354119875
110,-14,119,15.35,119.82069938036582,2.0,17.255000000000003,-1.905000000000003,1.905000000000003,0.38100000000000056
237,-17,120,15.35,121.19818480488888,3.1622776601683795,17.255000000000003,-1.905000000000003,1.905000000000003,0.38100000000000056
26,-136,162,97.9,211.51832071950648,2.0,99.805,-1.9050000000000011,1.9050000000000011,0.1445337341735562
23,-134,157,86.47,206.4097865896867,2.0,88.375,-1.9050000000000011,1.9050000000000011,0.1556517137253683
104,-17,154,29.32,154.93547043850222,1.0,27.415,1.9050000000000011,1.9050000000000011,0.2890674683471124
213,-8,219,102.98,219.14607000811125,1.0,101.075,1.9050000000000011,1.9050000000000011,0.1124151265794326
231,-17,155,29.32,155.92947123619703,1.0,27.415,1.9050000000000011,1.9050000000000011,0.2890674683471124
236,-17,125,17.89,126.15070352558483,5.0,15.985,1.9050000000000011,1.9050000000000011,0.3810000000000002
37,-145,171,140.445,224.2008028531566,0.0,142.0325,-1.5875000000000057,1.5875000000000057,0.14051890822429133
292,156,-205,125.84,257.60628874311277,3.0,127.11000000000001,-1.2700000000000102,1.2700000000000102,0.06131734177060006
33,-142,168,125.84,219.97272558205938,0.0,127.11000000000001,-1.2700000000000102,1.2700000000000102,0.10376780915024622
208,-7,232,133.46,232.1055794245369,1.4142135623730951,132.19,1.2700000000000102,1.2700000000000102,0.05620756328971674
275,280,-2,184.26,280.0071427660373,0.0,185.53,-1.2700000000000102,1.2700000000000102,0.06744907594766004
207,-6,233,138.54,233.0772404161333,1.4142135623730951,139.81,-1.2700000000000102,1.2700000000000102,0.05188390457512313
200,-4,246,186.8,246.03251817595168,1.0,185.53,1.2700000000000102,1.2700000000000102,0.05188390457512311
293,158,-210,136.0,262.8003044138267,2.23606797749979,137.27,-1.2700000000000102,1.2700000000000102,0.06131734177060003
222,-13,190,57.26,190.4442175546425,4.123105625617661,58.53,-1.2700000000000031,1.2700000000000031,0.22483025315886548
102,-18,170,39.48,170.95028517086482,3.1622776601683795,40.75,-1.2700000000000031,1.2700000000000031,0.22483025315886548
100,-19,179,47.1,180.00555546982432,2.0,48.370000000000005,-1.2700000000000031,1.2700000000000031,0.2540000000000006
96,-19,189,57.26,189.952625672824,3.1622776601683795,55.989999999999995,1.2700000000000031,1.2700000000000031,0.19271164556474193
167,-123,107,34.4,163.02760502442524,3.1622776601683795,35.67,-1.2700000000000031,1.2700000000000031,0.09635582278237097
146,-162,6,34.4,162.11107303327555,4.0,35.67,-1.2700000000000031,1.2700000000000031,0.09635582278237097
228,-15,171,39.48,171.6566340110396,2.23606797749979,40.75,-1.2700000000000031,1.2700000000000031,0.22483025315886548
172,-139,126,59.8,187.608635195718,3.605551275463989,61.07,-1.2700000000000031,1.2700000000000031,0.0562075632897164
232,-18,146,24.24,147.10540438746634,3.605551275463989,22.97,1.2699999999999996,1.2699999999999996,0.2539999999999999
234,-17,136,20.43,137.05838172107534,0.0,21.7,-1.2699999999999996,1.2699999999999996,0.2539999999999999
105,-15,144,24.24,144.77914214416384,3.1622776601683795,22.97,1.2699999999999996,1.2699999999999996,0.2539999999999999
233,-16,141,21.7,141.90489773083945,1.0,22.97,-1.2699999999999996,1.2699999999999996,0.2539999999999999
24,-133,160,92.82,208.0600874747485,2.23606797749979,91.55,1.269999999999996,1.269999999999996,0.10376780915024514
219,-10,200,69.96000000000001,200.24984394500785,2.23606797749979,71.23,-1.269999999999996,1.269999999999996,0.1686226898691481
314,80,-129,31.86,151.7926216915697,11.180339887498949,33.129999999999995,-1.269999999999996,1.269999999999996,0.06423721518824696
101,-20,176,44.56,177.13271860387624,3.1622776601683795,45.83,-1.269999999999996,1.269999999999996,0.22483025315886443
98,-20,183,50.91,184.08965207202712,2.23606797749979,49.64,1.269999999999996,1.269999999999996,0.2539999999999992
181,-157,147,113.14,215.07673049402624,2.23606797749979,114.41,-1.269999999999996,1.269999999999996,0.05620756328971611
212,-7,223,110.6,223.10983842045155,3.1622776601683795,109.33000000000001,1.2699999999999818,1.2699999999999818,0.06744907594765853
41,-148,173,151.875,227.6686188300882,1.0,153.14499999999998,-1.2699999999999818,1.2699999999999818,0.10376780915024399
267,213,171,186.8,273.1483113621609,1.0,188.07,-1.2699999999999818,1.2699999999999818,0.08431134493457311
122,-219,-2,130.92000000000002,219.0091322296858,2.0,132.19,-1.2699999999999818,1.2699999999999818,0.056207563289715476
58,-19,243,179.18,243.74166652421167,1.0,177.91000000000003,1.2699999999999818,1.2699999999999818,0.06131734177059856
51,-146,183,189.34,234.10467744152402,1.0,188.3875,0.9525000000000148,0.9525000000000148,0.07226686708677917
40,-147,173,149.97,227.01982292302142,1.0,149.01749999999998,0.9525000000000148,0.9525000000000148,0.08093889113719267
164,-115,100,26.78,152.3975065412817,4.123105625617661,27.669,-0.8889999999999993,0.8889999999999993,0.11803588290840408
68,-19,233,138.54,233.77339455121918,1.0,139.175,-0.6350000000000193,0.6350000000000193,0.03967592702803624
27,-138,162,102.98,212.8097742116184,2.0,102.345,0.6350000000000051,0.6350000000000051,0.048177911391185754
108,-17,131,19.16,132.09844813622905,5.0,19.795,-0.6350000000000016,0.6350000000000016,0.1270000000000003
107,-17,138,21.7,139.04315876734103,2.0,21.064999999999998,0.6350000000000016,0.6350000000000016,0.1270000000000003
152,-131,9,19.16,131.30879635424276,3.1622776601683795,18.525,0.6350000000000016,0.6350000000000016,0.11241512657943283
163,-112,94,24.24,146.21901381147393,5.830951894845301,24.875,-0.6350000000000016,0.6350000000000016,0.08431134493457461
151,-136,8,21.7,136.23509092741122,5.0990195135927845,22.335,-0.6350000000000016,0.6350000000000016,0.08431134493457461
12,-116,135,47.1,177.99157283422156,3.605551275463989,46.465,0.634999999999998,0.634999999999998,0.061317341770599346
9,-110,125,36.305,166.50825805346713,1.0,36.94,-0.634999999999998,0.634999999999998,0.06131734177059937
224,-12,183,49.64,183.3930205869351,2.0,50.275,-0.634999999999998,0.634999999999998,0.1269999999999996
99,-19,181,49.64,181.99450541156455,2.0,50.275,-0.634999999999998,0.634999999999998,0.1269999999999996
76,-20,221,108.06,221.90313201935658,1.0,108.695,-0.6349999999999909,0.6349999999999909,0.05620756328971543
38,-146,172,143.62,225.61028345356956,1.0,143.3025,0.31749999999999545,0.31749999999999545,0.02697963037906342
121,-221,-2,138.54,221.00904958847272,2.0,138.54000000000002,-2.842170943040401e-14,2.842170943040401e-14,1.1611254015346037e-15
71,-18,229,127.11,229.7063342618135,1.4142135623730951,127.10999999999999,1.4210854715202004e-14,1.4210854715202004e-14,1.006308681329991e-15
182,-159,148,120.76,217.22108553268947,0.0,120.75999999999999,1.4210854715202004e-14,1.4210854715202004e-14,5.805627007673018e-16
73,-19,226,119.49,226.79726629745784,1.0,119.49000000000001,-1.4210854715202004e-14,1.4210854715202004e-14,1.006308681329991e-15
88,-23,204,77.58,205.29247428973133,3.0,77.58000000000001,-1.4210854715202004e-14,1.4210854715202004e-14,1.5094630219949862e-15
135,-197,4,75.04,197.0406049523803,1.0,75.03999999999999,1.4210854715202004e-14,1.4210854715202004e-14,1.5094630219949844e-15
85,-22,209,85.2,210.1547049199708,2.23606797749979,85.19999999999999,1.4210854715202004e-14,1.4210854715202004e-14,1.5094630219949844e-15
84,-20,211,87.74,211.94574777522666,2.0,87.74000000000001,-1.4210854715202004e-14,1.4210854715202004e-14,1.5094630219949844e-15
90,-21,201,72.50000000000001,202.09403751719148,2.23606797749979,72.5,1.4210854715202004e-14,1.4210854715202004e-14,1.5094630219949844e-15
91,-20,199,69.96,200.0024999843752,2.23606797749979,69.96000000000001,-1.4210854715202004e-14,1.4210854715202004e-14,1.5094630219949844e-15
78,-19,219,102.98,219.8226557932553,1.0,102.97999999999999,1.4210854715202004e-14,1.4210854715202004e-14,1.5094630219949844e-15
92,-22,197,67.42,198.22462006521792,1.4142135623730951,67.41999999999999,1.4210854715202004e-14,1.4210854715202004e-14,1.5094630219949828e-15
94,-20,194,62.34,195.02820308868152,2.23606797749979,62.339999999999996,7.105427357601002e-15,7.105427357601002e-15,9.434143887468651e-16
313,93,-140,39.48,168.07438829280326,12.806248474865697,39.480000000000004,-7.105427357601002e-15,7.105427357601002e-15,3.144714629156218e-16
312,101,-150,47.1,180.83417818543043,12.529964086141668,47.099999999999994,7.105427357601002e-15,7.105427357601002e-15,2.695469682133901e-16
150,-143,8,24.24,143.22360140703069,7.0,24.240000000000002,-3.552713678800501e-15,3.552713678800501e-15,4.717071943734328e-16
80,-20,217,97.9,217.91970998512272,1.4142135623730951,97.9,0.0,0.0,0.0
165,-119,101,29.32,156.0833110873805,4.123105625617661,29.32,0.0,0.0,0.0
162,-107,91,21.7,140.46351839534705,5.385164807134504,21.7,0.0,0.0,0.0
161,-105,86,19.16,135.72398461583714,5.385164807134504,19.16,0.0,0.0,0.0
169,-130,118,44.56,175.56765077883796,6.4031242374328485,44.56,0.0,0.0,0.0
63,-20,239,163.94,239.83536019528063,0.0,163.94,0.0,0.0,0.0
74,-19,225,115.68,225.80079716422614,1.0,115.68,0.0,0.0,0.0
11,-113,132,43.29,173.761330565808,4.123105625617661,43.29,0.0,0.0,0.0
65,-19,237,153.78,237.76038357977134,1.4142135623730951,153.78,0.0,0.0,0.0
171,-136,124,54.72,184.04347312523745,2.23606797749979,54.72,0.0,0.0,0.0
180,-156,145,108.06,212.9812198293549,1.4142135623730951,108.06,0.0,0.0,0.0
72,-19,227,123.3,227.79376637651873,1.0,123.3,0.0,0.0,0.0
368,-148,-188,176.64,239.2655428598109,1.4142135623730951,176.64,0.0,0.0,0.0
223,-12,185,52.18,185.3887806745597,2.0,52.18,0.0,0.0,0.0
69,-19,232,134.73,232.7767170487633,1.0,134.73,0.0,0.0,0.0
70,-19,230,130.92,230.7834482799839,1.4142135623730951,130.92,0.0,0.0,0.0
79,-19,218,100.44,218.82641522448793,1.0,100.44,0.0,0.0,0.0
120,-223,-2,146.16,223.00896842952304,2.0,146.16,0.0,0.0,0.0
81,-22,215,95.36,216.12265036316762,1.4142135623730951,95.36,0.0,0.0,0.0
97,-20,186,54.72,187.0721785835617,3.0,54.72,0.0,0.0,0.0
109,-14,121,16.62,121.80722474467596,2.0,16.62,0.0,0.0,0.0
124,-217,2,120.76,217.00921639414304,1.0,120.76,0.0,0.0,0.0
166,-120,106,31.86,160.11246047700348,3.1622776601683795,31.86,0.0,0.0,0.0
325,19,-188,59.8,188.95766721676048,9.433981132056603,59.8,0.0,0.0,0.0
125,-214,-2,115.68,214.00934559032697,2.0,115.68,0.0,0.0,0.0
126,-212,-2,110.6,212.00943375236866,2.0,110.6,0.0,0.0,0.0
211,-6,226,115.68,226.07963198837706,3.1622776601683795,115.68,0.0,0.0,0.0
133,-201,3,80.12,201.02238681301145,1.0,80.12,0.0,0.0,0.0
206,-6,237,146.16,237.0759372015642,2.0,146.16,0.0,0.0,0.0
296,163,-214,158.86,269.0074348414928,1.4142135623730951,158.86,0.0,0.0,0.0
294,160,-211,143.62,264.8037008804824,2.23606797749979,143.62,0.0,0.0,0.0
82,-21,214,92.82,215.02790516581794,1.4142135623730951,92.82,0.0,0.0,0.0
95,-22,191,59.8,192.26284092356485,3.605551275463989,59.8,0.0,0.0,0.0
338,27,-250,156.32,251.45377308761942,2.23606797749979,156.32,0.0,0.0,0.0
3,-90,102,19.16,136.02940858505562,8.48528137423857,19.16,0.0,0.0,0.0
341,24,-256,179.18,257.12253887981115,1.4142135623730951,179.18,0.0,0.0,0.0
44,-149,176,163.94,230.6013876801265,1.0,163.94,0.0,0.0,0.0
184,-161,150,136.0,220.04772209682153,2.23606797749979,136.0,0.0,0.0,0.0
348,-88,-120,31.86,148.8086019019062,11.40175425099138,31.86,0.0,0.0,0.0
13,-116,139,49.64,181.04419349981927,2.0,49.64,0.0,0.0,0.0
86,-20,208,82.66,208.95932618574363,1.4142135623730951,82.66,0.0,0.0,0.0
83,-20,213,90.28,213.9369065869655,1.4142135623730951,90.28,0.0,0.0,0.0
301,156,-208,130.92000000000002,260.0,2.8284271247461903,130.92000000000002,0.0,0.0,0.0
