review_row,source_line,x,y,measured_cm,radius_px,nearest_neighbor_px,median_8_neighbor_px,local_neighbor_median_cm,local_residual_cm,abs_local_residual_cm,local_mad_cm,robust_z_vs_neighbors,repair_note
364,364,-108,-143,308.72,179.20100446147057,5.830951894845301,16.979994118084186,68.055,240.66500000000002,240.66500000000002,13.334999999999994,12.172952278172843,
291,291,201,11,59.8,201.30076999355964,31.0,73.5032466163569,162.67079999999999,-102.87079999999999,102.87079999999999,25.400000000000006,2.7317088196836576,
292,292,232,11,85.2,232.26062946612367,19.4164878389476,42.505434140654685,162.67079999999999,-77.47079999999998,77.47079999999998,25.400000000000006,2.0572180602070627,
293,293,251,15,110.6,251.44780770569466,11.40175425099138,27.592003433328024,167.7508,-57.150800000000004,57.150800000000004,15.239200000000011,2.5295085369766768,
389,389,-154,105,99.805,186.38937737972086,18.027756377319946,27.100968111029893,57.26,42.54500000000001,42.54500000000001,8.89,3.22792006320942,
295,295,262,12,136.0,262.2746651889961,9.055385138137417,19.16522310211006,175.37,-39.370000000000005,39.370000000000005,11.429200000000009,2.3234085675807172,
384,384,-151,-191,207.12,243.47895186237352,1.4142135623730951,5.322882462276066,172.83,34.28999999999999,34.28999999999999,15.239999999999995,1.5176042088223394,
298,298,171,-221,204.58,279.4315658618403,1.0,6.354101966249685,172.82999999999998,31.75000000000003,31.75000000000003,12.699999999999989,1.686226898691491,
356,356,27,-262,207.12,263.38754716197195,1.0,6.994156910889943,175.37,31.75,31.75,15.240000000000009,1.4051890822429058,
207,208,-6,247,212.2,247.07286374670934,1.4142135623730951,3.1622776601683795,182.99,29.20999999999998,29.20999999999998,13.969999999999999,1.410298860723789,
206,207,-168,158,204.58,230.62523712724936,0.0,2.414213562373095,177.91,26.670000000000016,26.670000000000016,12.700000000000003,1.4164305949008504,
299,299,169,-222,199.5,279.00716836669267,1.4142135623730951,5.06449510224598,172.82999999999998,26.670000000000016,26.670000000000016,12.699999999999989,1.416430594900852,
394,394,-148,88,59.8,172.18594600024707,18.027756377319946,33.999871934803025,33.129999999999995,26.67,26.67,6.350000000000001,2.8328611898016995,
355,355,26,-262,202.04,263.28691574022434,1.0,6.697811566101118,175.37,26.669999999999987,26.669999999999987,15.240000000000009,1.1803588290840403,
383,383,-150,-190,199.5,242.0743687382041,1.4142135623730951,3.914213562373095,172.83,26.669999999999987,26.669999999999987,15.239999999999995,1.1803588290840414,
61,62,-20,245,209.66,245.81497106563708,1.0,2.0,182.99,26.669999999999987,26.669999999999987,11.430000000000007,1.573811772112054,
362,362,-102,-128,39.480000000000004,163.67040050051813,6.708203932499369,23.633763883166893,64.245,-24.765,24.765,15.239999999999998,1.0960474841494674,
300,300,170,-221,196.96,278.8207309365643,1.0,5.41547594742265,172.82999999999998,24.130000000000024,24.130000000000024,12.699999999999989,1.2815324430055333,
360,360,-70,-84,12.81,109.34349546269316,4.123105625617661,47.327552814968996,35.67,-22.86,22.86,15.24,1.0117361392148927,
119,120,-233,-4,212.2,233.03433223454437,1.4142135623730951,2.9208096264818897,189.34,22.859999999999985,22.859999999999985,10.159999999999997,1.5176042088223387,
205,206,-168,158,199.5,230.62523712724936,0.0,2.414213562373095,177.91,21.590000000000003,21.590000000000003,12.700000000000003,1.1466342911102119,
208,209,-5,250,204.58,250.04999500099976,2.23606797749979,4.061552812808831,182.99,21.590000000000003,21.590000000000003,13.969999999999999,1.0423948101001927,
361,361,-69,-88,14.08,111.8257573191436,4.123105625617661,44.53557839085674,35.67,-21.590000000000003,21.590000000000003,15.24,0.9555285759251767,
392,392,-8,179,68.69,179.17868176767013,4.47213595499958,7.8481919625832735,47.1,21.589999999999996,21.589999999999996,2.539999999999999,4.318,
289,290,277,-3,163.9416,277.01624501101014,1.4142135623730951,8.154234499766936,185.53,-21.588400000000007,21.588400000000007,8.89,1.6379275941377425,split malformed CSV line 290: first repaired row
363,363,-105,-134,47.1,170.23806859806652,6.708203932499369,21.977213872503274,68.055,-20.955000000000005,20.955000000000005,7.619999999999997,1.8548495885606378,
290,290,1,17,34.4,17.029386365926403,94.76286192385707,102.1844764370074,14.08,20.32,20.32,1.2699999999999996,4.064,split malformed CSV line 290: second repaired row
296,296,271,11,161.4,271.2231553536681,7.0710678118654755,14.998184635980609,181.72,-20.319999999999993,20.319999999999993,12.700000000000003,1.0791852151625516,
60,61,-150,186,227.44,238.94769302087852,1.4142135623730951,2.23606797749979,207.12,20.319999999999993,20.319999999999993,6.984999999999999,1.9621549366591855,
343,343,24,-234,110.6,235.2275494069519,3.0,10.61510775430992,129.65,-19.05000000000001,19.05000000000001,15.239999999999995,0.8431134493457447,
354,354,25,-261,194.42000000000002,262.1945842308723,1.4142135623730951,5.549509756796392,175.37,19.05000000000001,19.05000000000001,15.240000000000009,0.843113449345744,
357,357,-71,-99,16.62,121.82774724995944,11.180339887498949,34.73424136289742,35.67,-19.05,19.05,16.51,0.7782585686268406,
319,319,131,-181,77.58,223.4323163734378,6.324555320336759,20.547511554864492,96.63,-19.049999999999997,19.049999999999997,11.43,1.1241512657943251,
67,68,-20,247,202.04,247.80839372386077,2.0,4.0,182.99,19.049999999999983,19.049999999999983,11.430000000000007,1.1241512657943238,
382,382,-149,-189,191.88,240.66989840858787,0.0,3.2169892001050897,172.83,19.049999999999983,19.049999999999983,19.049999999999997,0.6744907594765948,
131,132,-223,-2,146.16,223.00896842952304,2.0,4.0,163.94,-17.78,17.78,11.430000000000007,1.0492078480747031,
209,210,-3,249,199.5,249.0180716333656,1.0,3.605551275463989,182.99,16.50999999999999,16.50999999999999,13.970000000000013,0.7971254430177931,
120,121,-231,-5,205.85,231.05410621756974,2.23606797749979,3.3839144678161843,189.34,16.50999999999999,16.50999999999999,10.159999999999997,1.096047484149467,
199,200,-165,155,161.4,226.38462845343543,1.0,2.995352392457285,177.91,-16.50999999999999,16.50999999999999,12.700000000000003,0.8768379873195731,
282,283,215,173,202.04,275.9601420495358,2.0,4.242640687119285,185.53,16.50999999999999,16.50999999999999,8.89,1.2526256961708189,
283,284,285,-2,202.04,285.0070174574654,1.0,6.0,185.53,16.50999999999999,16.50999999999999,8.89,1.2526256961708189,
294,294,279,14,202.04,279.35103364763125,2.23606797749979,16.0312195418814,185.53,16.50999999999999,16.50999999999999,8.89,1.2526256961708189,
262,263,172,146,80.12,225.61028345356956,5.0,15.700609733428363,95.36000000000001,-15.240000000000009,15.240000000000009,10.160000000000004,1.0117361392148931,
59,60,-149,185,222.36,237.54157530840786,0.0,1.0,207.12,15.240000000000009,15.240000000000009,6.984999999999999,1.4716162024943904,
318,318,133,-187,85.2,229.4733099948663,5.830951894845301,16.443785055418655,100.44,-15.239999999999995,15.239999999999995,7.6200000000000045,1.348981518953189,
130,131,-225,-2,153.78,225.00888871331284,1.4142135623730951,3.0,169.01999999999998,-15.23999999999998,15.23999999999998,10.160000000000025,1.0117361392148891,
250,251,69,83,12.81,107.93516572461452,8.0,47.776803429515695,26.78,-13.97,13.97,8.889999999999999,1.0599140506060785,
267,268,192,160,115.68,249.92798962901293,2.23606797749979,8.524877118960255,129.65,-13.969999999999999,13.969999999999999,12.699999999999996,0.7419398354242549,
204,205,-168,157,191.88,229.94129685639334,1.0,1.618033988749895,177.91,13.969999999999999,13.969999999999999,13.969999999999999,0.6744907594765952,
198,199,-164,155,156.32,225.656819085974,1.0,2.9208096264818897,170.29,-13.969999999999999,13.969999999999999,13.970000000000013,0.6744907594765945,
288,289,278,-2,171.56,278.0071941515183,1.4142135623730951,7.035533905932738,185.53,-13.969999999999999,13.969999999999999,8.89,1.059914050606078,
49,50,-146,182,184.895,233.32380932943812,1.0,2.995352392457285,198.865,-13.969999999999999,13.969999999999999,6.3500000000000085,1.4838796708485074,
58,59,-149,185,221.09,237.54157530840786,0.0,1.0,207.12,13.969999999999999,13.969999999999999,6.984999999999999,1.3489815189531904,
66,67,-20,243,196.96,243.82165613415063,0.0,1.7071067811865475,182.99,13.969999999999999,13.969999999999999,13.969999999999999,0.6744907594765952,
386,386,180,125,97.9,219.14607000811125,20.518284528683193,25.165525060596437,83.93,13.969999999999999,13.969999999999999,13.969999999999999,0.6744907594765952,
397,397,-100,137,58.53,169.61426826773743,7.0710678118654755,15.872507424205203,45.195,13.335,13.335,5.715,1.5738117721120557,
393,393,-82,151,63.61,171.82840277439584,22.80350850198276,36.20741534001779,50.275000000000006,13.334999999999994,13.334999999999994,5.080000000000005,1.7705382436260597,
385,385,-101,130,50.910000000000004,164.62381358722072,7.0710678118654755,10.998496856945458,37.8925,13.017500000000005,13.017500000000005,5.080000000000002,1.7283825711587755,
308,308,165,-217,166.48,272.6059427085184,1.0,4.5,179.18,-12.700000000000017,12.700000000000017,19.049999999999997,0.44966050631773086,
48,49,-146,181,181.72,232.54461937443318,1.0,3.8643284505408246,194.42000000000002,-12.700000000000017,12.700000000000017,7.61999999999999,1.1241512657943282,
186,187,-150,136,82.66,202.47468977627796,4.123105625617661,8.071092532277987,95.36000000000001,-12.700000000000017,12.700000000000017,10.160000000000004,0.8431134493457448,
188,189,-152,142,92.82000000000001,208.00961516237658,1.0,5.66227766016838,105.52000000000001,-12.700000000000003,12.700000000000003,11.43,0.7494341771962171,
187,188,-151,140,87.74,205.91503102007877,2.23606797749979,6.363961030678928,100.44,-12.700000000000003,12.700000000000003,10.160000000000004,0.843113449345744,
251,252,77,83,14.08,113.21660655575224,8.0,40.388436152317844,26.78,-12.700000000000001,12.700000000000001,8.889999999999999,0.9635582278237077,
124,125,-229,-1,186.8,229.00218339570478,0.0,2.618033988749895,174.10000000000002,12.699999999999989,12.699999999999989,10.160000000000025,0.8431134493457412,
197,198,-163,153,151.24,223.55759884199867,1.4142135623730951,3.605551275463989,163.94,-12.699999999999989,12.699999999999989,13.969999999999999,0.6131734177059951,
121,122,-234,-3,202.04,234.01922997907673,1.4142135623730951,3.8643284505408246,189.34,12.699999999999989,12.699999999999989,10.159999999999997,0.8431134493457436,
333,333,19,-159,36.94,160.13119621110684,11.180339887498949,25.29351657246145,48.6875,-11.747500000000002,11.747500000000002,14.9225,0.5309820872475325,
373,373,-137,-176,123.3,223.03587155433092,2.8284271247461903,8.20628747147464,134.73000000000002,-11.430000000000021,11.430000000000021,19.049999999999997,0.40469445568595797,
306,306,162,-213,151.24,267.6060537431842,1.4142135623730951,5.41547594742265,162.67000000000002,-11.430000000000007,11.430000000000007,15.239999999999995,0.5058680696074469,
265,266,184,155,100.44,240.58470441821524,5.0990195135927845,10.8309518948453,111.87,-11.430000000000007,11.430000000000007,16.509999999999998,0.4669551411761047,
353,353,25,-258,186.8,259.20841035738016,2.23606797749979,4.2976207903086205,175.37,11.430000000000007,11.430000000000007,19.05000000000001,0.40469445568595713,
311,311,165,-221,184.26,275.80065264607333,3.0,4.561552812808831,172.82999999999998,11.430000000000007,11.430000000000007,17.779999999999973,0.43360120252066925,
350,350,27,-253,163.94,254.4366325826531,2.8284271247461903,4.928650381067042,175.37,-11.430000000000007,11.430000000000007,19.05000000000001,0.40469445568595713,
348,348,25,-249,148.7,250.25187311986298,2.0,5.5,160.13,-11.430000000000007,11.430000000000007,19.049999999999997,0.40469445568595747,
345,345,24,-240,125.84,241.19701490690136,3.0,8.063226475001446,137.27,-11.430000000000007,11.430000000000007,19.049999999999997,0.40469445568595747,
344,344,24,-237,118.22,238.2120903732638,3.0,9.296939683219211,129.65,-11.430000000000007,11.430000000000007,19.049999999999997,0.40469445568595747,
340,340,21,-216,87.74,217.0184323968819,4.0,15.0,99.17,-11.430000000000007,11.430000000000007,19.049999999999997,0.40469445568595747,
274,275,207,168,161.4,266.59519875646674,1.0,4.754135216376082,172.83,-11.430000000000007,11.430000000000007,19.049999999999997,0.40469445568595747,
273,274,205,167,153.78,264.41255643406953,2.0,4.670830100356035,165.21,-11.430000000000007,11.430000000000007,19.049999999999997,0.40469445568595747,
302,302,151,-197,108.06,248.21361767638777,3.1622776601683795,8.123105625617661,119.49000000000001,-11.430000000000007,11.430000000000007,11.430000000000007,0.6744907594765952,
284,285,285,-1,196.96,285.00175438056516,0.0,6.08504366272913,185.53,11.430000000000007,11.430000000000007,12.700000000000003,0.607041683528936,
281,282,213,173,196.96,274.40481045346127,2.0,3.1622776601683795,185.53,11.430000000000007,11.430000000000007,8.89,0.867202405041337,
321,321,116,-165,62.34,201.6953147695801,9.848857801796104,24.8672948741885,73.77000000000001,-11.430000000000007,11.430000000000007,19.050000000000004,0.4046944556859573,
367,367,-122,-154,77.58,196.468827043885,4.47213595499958,14.008971958287798,89.01,-11.430000000000007,11.430000000000007,19.049999999999997,0.40469445568595747,
322,322,112,-156,54.72,192.04166214652486,9.848857801796104,28.120060816481804,66.15,-11.430000000000007,11.430000000000007,19.05,0.40469445568595735,
132,133,-221,-2,138.54,221.00904958847272,2.0,5.049509756796392,149.97,-11.430000000000007,11.430000000000007,17.779999999999987,0.4336012025206689,
271,272,202,164,138.54,260.1922366251537,3.1622776601683795,5.894144522283677,149.97,-11.430000000000007,11.430000000000007,17.78,0.4336012025206685,
272,273,203,167,146.16,262.86498435508673,2.0,5.377936881542583,157.59,-11.430000000000007,11.430000000000007,19.05000000000001,0.40469445568595713,
365,365,-113,-146,62.34,184.6212338816963,5.830951894845301,16.430647008220866,73.77000000000001,-11.430000000000007,11.430000000000007,15.239999999999995,0.5058680696074469,
351,351,25,-255,171.56,256.2225595063791,1.4142135623730951,5.692582403567252,182.99,-11.430000000000007,11.430000000000007,19.049999999999997,0.40469445568595747,
376,376,-144,-181,146.16,231.29418496797535,2.0,5.830951894845301,157.59,-11.430000000000007,11.430000000000007,19.05000000000001,0.40469445568595713,
261,262,166,140,72.5,217.1543230055529,8.06225774829855,18.08102678272534,83.93,-11.430000000000007,11.430000000000007,15.239999999999995,0.5058680696074469,
378,378,-146,-184,161.4,234.88720697390056,2.23606797749979,5.15154392492244,172.83,-11.430000000000007,11.430000000000007,19.049999999999997,0.40469445568595747,
370,370,-131,-167,100.44,212.24985276791125,3.605551275463989,10.018099141842427,111.87,-11.430000000000007,11.430000000000007,19.050000000000004,0.4046944556859573,
200,201,-165,156,166.48,227.0704736419951,1.0,3.0,177.91,-11.430000000000007,11.430000000000007,15.239999999999995,0.5058680696074469,
371,371,-131,-171,108.06,215.41123461880997,4.0,9.220197744320652,119.49000000000001,-11.430000000000007,11.430000000000007,19.049999999999997,0.40469445568595747,
372,372,-135,-174,115.68,220.22942582679545,2.8284271247461903,8.273769561268558,127.11000000000001,-11.430000000000007,11.430000000000007,19.049999999999997,0.40469445568595747,
213,214,-6,244,171.56,244.07375934335914,2.23606797749979,3.5615528128088303,182.99,-11.430000000000007,11.430000000000007,16.510000000000005,0.4669551411761045,
375,375,-141,-180,138.54,228.65038814749474,2.8284271247461903,6.029989243462614,149.97,-11.430000000000007,11.430000000000007,19.049999999999997,0.40469445568595747,
377,377,-144,-183,153.78,232.86262044390037,2.0,5.322882462276066,165.21,-11.430000000000007,11.430000000000007,19.049999999999997,0.40469445568595747,
260,261,159,136,64.88,209.2295390235327,8.06225774829855,20.408711198990147,76.31,-11.430000000000007,11.430000000000007,17.462500000000002,0.44148486074831705,
330,330,12,-105,14.08,105.68348972285122,23.021728866442675,55.24375823236777,25.51,-11.430000000000001,11.430000000000001,4.445000000000002,1.734404810082673,
329,329,37,-96,14.08,102.88342918079665,26.570660511172846,42.423714918475866,25.51,-11.430000000000001,11.430000000000001,4.445000000000002,1.734404810082673,
332,332,22,-138,29.32,139.74262055650738,13.45362404707371,33.687823852965195,40.75,-11.43,11.43,15.239999999999998,0.5058680696074465,
335,335,14,-180,52.18,180.54362353736008,9.433981132056603,21.770765772511524,63.61,-11.43,11.43,17.462500000000002,0.4414848607483168,
154,155,-179,5,49.64,179.06981878585793,3.0,10.132452737240074,61.07,-11.43,11.43,6.350000000000001,1.214083367057871,
358,358,-81,-111,24.240000000000002,137.41178988718545,11.40175425099138,28.086635823219545,35.67,-11.43,11.43,20.32,0.3794010522055848,
331,331,13,-128,21.7,128.65846260545786,13.45362404707371,40.50609665440987,33.129999999999995,-11.429999999999996,11.429999999999996,12.3825,0.6226068549014723,
184,185,-142,131,67.42,193.19679086361657,5.0,10.373844815520682,78.85,-11.429999999999993,11.429999999999993,16.510000000000005,0.4669551411761039,
320,320,125,-173,69.96000000000001,213.43383049554257,10.0,21.400934559032695,81.39,-11.429999999999993,11.429999999999993,19.049999999999997,0.40469445568595697,
226,227,-6,218,95.36,218.08255317654368,2.23606797749979,6.692582403567252,106.78999999999999,-11.429999999999993,11.429999999999993,11.430000000000014,0.674490759476594,
264,265,180,151,92.82000000000001,234.94893062110327,4.47213595499958,12.6478150704935,104.25,-11.429999999999993,11.429999999999993,16.510000000000005,0.4669551411761039,
369,369,-129,-164,92.82000000000001,208.65521800328887,3.605551275463989,11.934229702712152,104.25,-11.429999999999993,11.429999999999993,19.049999999999997,0.40469445568595697,
368,368,-125,-160,85.2,203.03940504246953,5.656854249492381,11.855151986820308,96.63,-11.429999999999993,11.429999999999993,19.050000000000004,0.4046944556859568,
317,317,138,-190,92.82000000000001,234.82759633399138,5.830951894845301,12.104001362928539,104.25,-11.429999999999993,11.429999999999993,7.6200000000000045,1.0117361392148916,
366,366,-120,-150,69.96000000000001,192.09372712298546,4.47213595499958,15.267880483271522,81.39,-11.429999999999993,11.429999999999993,17.144999999999996,0.4496605063177299,
339,339,21,-212,80.12,213.03755537463343,4.0,15.0,91.55,-11.429999999999993,11.429999999999993,18.415,0.41864943691650713,
341,341,22,-223,95.36,224.08257406590099,6.082762530298219,12.66123775561495,106.78999999999999,-11.429999999999993,11.429999999999993,19.050000000000004,0.4046944556859568,
194,195,-159,148,128.38,217.22108553268947,0.0,4.621320343559642,116.95,11.429999999999993,11.429999999999993,16.509999999999998,0.4669551411761041,
342,342,21,-229,102.98,229.96086623597503,5.830951894845301,12.20087712549569,114.41,-11.429999999999993,11.429999999999993,19.050000000000004,0.4046944556859568,
346,346,25,-244,133.46,245.27739398485136,3.0,6.697811566101118,144.89,-11.429999999999978,11.429999999999978,19.049999999999997,0.40469445568595647,
53,54,-148,185,200.77,236.9155967850154,0.0,1.0,212.2,-11.429999999999978,11.429999999999978,8.89,0.867202405041335,
374,374,-139,-178,130.92000000000002,225.84286572747877,2.8284271247461903,6.451009853355388,142.35,-11.429999999999978,11.429999999999978,19.050000000000004,0.4046944556859563,
275,276,208,168,169.02,267.37239947309445,1.0,4.47213595499958,180.45,-11.429999999999978,11.429999999999978,12.700000000000017,0.6070416835289337,
347,347,25,-247,141.08,248.26195842295292,2.0,6.697811566101118,152.51,-11.429999999999978,11.429999999999978,19.049999999999997,0.40469445568595647,
379,379,-147,-186,169.02,237.0759372015642,2.23606797749979,3.9240959812916367,180.45,-11.429999999999978,11.429999999999978,19.049999999999997,0.40469445568595647,
381,381,-149,-189,184.26,240.66989840858787,0.0,3.2169892001050897,172.83,11.429999999999978,11.429999999999978,19.049999999999997,0.40469445568595647,
391,391,138,122,57.895,184.19554826325202,4.123105625617661,18.68033988749895,47.1,10.795000000000002,10.795000000000002,11.43,0.6370190506167844,
28,29,-140,167,110.6,217.91970998512272,1.0,2.23606797749979,121.395,-10.795000000000002,10.795000000000002,7.6200000000000045,0.955528575925176,
390,390,33,-169,45.195,172.19175357722565,17.204650534085253,27.955918142609455,55.989999999999995,-10.794999999999995,10.794999999999995,14.605000000000004,0.49853664830878736,
338,338,24,-205,73.77,206.40009689920205,6.708203932499369,17.915407711472092,83.93,-10.16000000000001,10.16000000000001,17.78,0.3854232911294833,
252,253,86,88,16.62,123.0447073221762,10.295630140987,31.57164260315841,26.78,-10.16,10.16,10.16,0.6744907594765952,
196,197,-162,152,143.62,222.14409737825582,1.4142135623730951,4.621320343559642,153.78,-10.159999999999997,10.159999999999997,15.239999999999995,0.44966050631773014,
269,270,197,162,125.84,255.05489605181077,2.23606797749979,6.597707241520579,136.0,-10.159999999999997,10.159999999999997,16.509999999999998,0.41507123660098155,
212,213,-5,246,179.18,246.05080776132397,1.0,3.2169892001050897,189.34,-10.159999999999997,10.159999999999997,16.510000000000005,0.4150712366009814,
52,53,-148,184,196.96,236.13555429032706,1.0,1.4142135623730951,207.12,-10.159999999999997,10.159999999999997,6.984999999999999,0.9810774683295928,
266,267,189,156,108.06,245.0652974209119,5.0,10.1478150704935,118.22,-10.159999999999997,10.159999999999997,16.510000000000005,0.4150712366009814,
220,221,-6,230,125.84,230.07824755939012,1.4142135623730951,5.5,136.0,-10.159999999999997,10.159999999999997,16.509999999999998,0.41507123660098155,
201,202,-166,156,174.1,227.7981562699751,1.0,2.118033988749895,184.26,-10.159999999999997,10.159999999999997,16.510000000000005,0.4150712366009814,
185,186,-146,134,75.04,198.17164277464119,4.47213595499958,10.315072906367325,85.19999999999999,-10.159999999999982,10.159999999999982,15.240000000000002,0.4496605063177293,
215,216,-7,240,158.86,240.10206163213175,1.4142135623730951,5.22383047297721,169.01999999999998,-10.159999999999968,10.159999999999968,16.510000000000005,0.4150712366009802,
45,46,-149,177,171.56,231.36551169091732,1.0,1.7071067811865475,162.035,9.525000000000006,9.525000000000006,7.9375,0.8093889113719147,
41,42,-149,175,156.32,229.83907413666634,0.0,2.118033988749895,165.845,-9.525000000000006,9.525000000000006,8.89,0.722668670867781,
227,228,-8,213,87.74,213.15018179677915,4.0,7.041381265149109,97.265,-9.525000000000006,9.525000000000006,6.350000000000001,1.0117361392148931,
47,48,-149,178,179.18,232.13142829009604,1.0,2.618033988749895,169.655,9.525000000000006,9.525000000000006,7.6200000000000045,0.843113449345744,
50,51,-146,183,189.34,234.10467744152402,1.0,2.23606797749979,198.865,-9.525000000000006,9.525000000000006,6.3500000000000085,1.011736139214892,
337,337,21,-199,67.42,200.10497245196083,6.708203932499369,18.624228365658293,76.945,-9.524999999999991,9.524999999999991,17.78,0.36133433543388993,
214,215,-6,241,166.48,241.07467722678797,1.4142135623730951,4.549509756796392,175.37,-8.890000000000015,8.890000000000015,16.50999999999999,0.36318733202585973,
68,69,-20,243,174.1,243.82165613415063,0.0,1.7071067811865475,182.99,-8.890000000000015,8.890000000000015,13.969999999999999,0.4292213923941977,
216,217,-6,239,153.78,239.07530194480566,1.4142135623730951,5.5,162.67000000000002,-8.890000000000015,8.890000000000015,16.510000000000005,0.36318733202585946,
280,281,212,171,194.42000000000002,272.3692346796899,1.0,2.9208096264818897,185.53,8.890000000000015,8.890000000000015,10.159999999999997,0.590179414542022,
153,154,-182,5,54.72,182.0686683644388,3.0,9.634710039206889,63.61,-8.89,8.89,5.080000000000005,1.1803588290840406,
263,264,176,149,87.74,230.6013876801265,4.47213595499958,14.109223553653555,96.63,-8.89,8.89,17.78,0.3372453797382976,
257,258,134,121,44.56,180.54639292990598,4.123105625617661,18.612761007399513,53.45,-8.89,8.89,12.699999999999996,0.47214353163361683,
221,222,-7,229,120.76,229.10696191953662,1.4142135623730951,5.061552812808831,129.65,-8.89,8.89,15.239999999999995,0.39345294302801403,
268,269,194,161,120.76,252.10513679812237,2.23606797749979,7.807535778591503,129.65,-8.89,8.89,15.239999999999995,0.39345294302801403,
270,271,199,163,133.46,257.2353008434107,2.23606797749979,6.433978400210179,142.35,-8.889999999999986,8.889999999999986,17.78,0.33724537973829705,
210,211,-3,248,191.88,248.0181444975347,1.0,2.995352392457285,182.99,8.889999999999986,8.889999999999986,16.510000000000005,0.3631873320258583,
276,277,210,168,176.64000000000001,268.93121797217964,2.0,3.302775637731995,185.53,-8.889999999999986,8.889999999999986,10.16000000000001,0.5901794145420193,
29,30,-141,167,115.68,218.56349191939628,1.0,2.2882456112707374,124.57,-8.889999999999986,8.889999999999986,8.255000000000024,0.7263746640517147,
314,314,152,-204,115.68,254.40125785852553,1.4142135623730951,7.141085181396727,124.57,-8.889999999999986,8.889999999999986,13.969999999999999,0.4292213923941963,
65,66,-20,244,191.88,244.8182999695897,1.0,1.2071067811865475,182.99,8.889999999999986,8.889999999999986,13.969999999999999,0.4292213923941963,
258,259,143,125,49.64,189.9315666233499,5.830951894845301,19.049014765608504,57.5775,-7.9375,7.9375,13.969999999999999,0.3832333860662473,
4,5,-101,114,26.018,152.3056138164316,4.123105625617661,13.833147225312803,33.765,-7.747,7.747,5.080000000000002,1.0285984082018074,
128,129,-227,-2,166.48,227.00881040171106,0.0,2.23606797749979,174.10000000000002,-7.620000000000033,7.620000000000033,12.700000000000003,0.4046944556859588,
134,135,-218,2,125.84,218.00917411888886,1.0,6.029989243462614,118.22,7.6200000000000045,7.6200000000000045,12.70000000000001,0.404694455685957,
73,74,-18,236,148.7,236.6854452643846,1.4142135623730951,3.605551275463989,156.32,-7.6200000000000045,7.6200000000000045,10.159999999999997,0.5058680696074469,
310,310,165,-218,171.56,273.40263349134,1.0,5.06449510224598,179.18,-7.6200000000000045,7.6200000000000045,19.049999999999997,0.2697963037906383,
74,75,-19,235,143.62,235.76683396949622,1.4142135623730951,3.5615528128088303,151.24,-7.6200000000000045,7.6200000000000045,12.699999999999989,0.40469445568595774,
189,190,-153,142,97.9,208.7414668914636,1.0,5.322882462276066,105.52000000000001,-7.6200000000000045,7.6200000000000045,13.969999999999999,0.3679040506235976,
255,256,118,112,34.4,162.68988905276197,10.63014581273465,24.26659221580135,42.02,-7.6200000000000045,7.6200000000000045,15.239999999999998,0.3372453797382979,
71,72,-20,239,158.86,239.83536019528063,0.0,2.9208096264818897,166.48000000000002,-7.6200000000000045,7.6200000000000045,10.159999999999982,0.5058680696074476,
125,126,-230,-2,181.72,230.00869548780108,1.4142135623730951,2.5,189.34,-7.6200000000000045,7.6200000000000045,14.60499999999999,0.35190822233561536,
139,140,-210,2,100.44,210.00952359357422,1.0,5.377936881542583,108.06,-7.6200000000000045,7.6200000000000045,13.969999999999999,0.3679040506235976,
316,316,143,-197,100.44,243.4296612987004,5.0990195135927845,10.002039759017002,108.06,-7.6200000000000045,7.6200000000000045,11.43,0.4496605063177304,
301,301,149,-192,100.44,243.03291958086666,5.385164807134504,11.774828382175965,108.06,-7.6200000000000045,7.6200000000000045,11.43,0.4496605063177304,
396,396,-163,-4,44.56,163.04907236779974,9.433981132056603,11.993294181182323,36.94,7.6200000000000045,7.6200000000000045,7.620000000000001,0.6744907594765955,
138,139,-211,2,105.52,211.00947846009194,1.0,5.5,113.14,-7.6200000000000045,7.6200000000000045,12.700000000000003,0.40469445568595724,
62,63,-19,240,163.94,240.75090861718465,1.4142135623730951,3.0,171.56,-7.6200000000000045,7.6200000000000045,10.159999999999997,0.5058680696074469,
328,328,68,-107,20.43,126.77933585565118,8.602325267042627,37.14712574788298,28.05,-7.620000000000001,7.620000000000001,7.620000000000001,0.6744907594765952,
181,182,-134,123,49.64,181.89282558693733,2.23606797749979,12.020815280171309,57.26,-7.619999999999997,7.619999999999997,15.239999999999995,0.3372453797382976,
155,156,-174,-2,44.56,174.01149387324966,8.48528137423857,12.298373876248844,52.18,-7.619999999999997,7.619999999999997,8.89,0.5781349366942242,
256,257,125,120,39.480000000000004,173.27723451163456,9.055385138137417,21.72018924927465,47.1,-7.619999999999997,7.619999999999997,11.747500000000002,0.43750751966049395,
190,191,-155,144,102.98,211.56795598577776,1.4142135623730951,4.631202762478185,110.6,-7.61999999999999,7.61999999999999,15.239999999999988,0.33724537973829743,
129,130,-226,-1,161.4,226.00221237855172,1.4142135623730951,3.0,169.01999999999998,-7.619999999999976,7.619999999999976,13.969999999999999,0.36790405062359627,
69,70,-20,241,169.02,241.82845159327303,1.4142135623730951,2.0,176.64,-7.619999999999976,7.619999999999976,12.699999999999989,0.40469445568595624,
55,56,-148,185,204.58,236.9155967850154,0.0,1.0,212.2,-7.619999999999976,7.619999999999976,8.89,0.5781349366942226,
51,52,-147,182,191.88,233.95084953895764,1.0,2.618033988749895,198.865,-6.985000000000014,6.985000000000014,7.6200000000000045,0.6182831961868798,
168,169,-110,12,12.81,110.65260954898443,3.605551275463989,19.66198685593563,19.795,-6.985000000000001,6.985000000000001,3.8100000000000005,1.236566392373758,
15,16,-119,144,59.8,186.80738743422327,4.242640687119285,7.784797755401678,52.815,6.984999999999999,6.984999999999999,7.619999999999997,0.6182831961868791,
24,25,-134,162,96.63,210.23796041628637,2.0,5.192582403567252,89.64500000000001,6.984999999999985,6.984999999999985,7.6200000000000045,0.6182831961868772,
203,204,-168,156,186.8,229.2596780945136,0.0,2.0,180.45,6.350000000000023,6.350000000000023,16.50999999999999,0.2594195228756146,
142,143,-202,3,85.2,202.02227599945508,1.0,4.0,78.85,6.3500000000000085,6.3500000000000085,5.079999999999998,0.8431134493457455,
152,153,-186,4,59.8,186.04300578092153,2.23606797749979,6.535533905932738,66.15,-6.3500000000000085,6.3500000000000085,5.079999999999998,0.8431134493457455,
140,141,-207,3,92.82000000000001,207.02173798903343,2.0,5.049509756796392,86.47,6.3500000000000085,6.3500000000000085,7.619999999999997,0.5620756328971636,
169,170,-84,81,12.81,116.69190203266035,6.324555320336759,21.71368140638223,19.16,-6.35,6.35,3.174999999999999,1.27,
327,327,73,-114,24.240000000000002,135.36986370680884,6.4031242374328485,36.525831264354835,30.59,-6.349999999999998,6.349999999999998,9.525000000000002,0.4496605063177299,
27,28,-138,166,106.79,215.87033144922904,2.23606797749979,4.2976207903086205,113.14,-6.349999999999994,6.349999999999994,10.159999999999997,0.4215567246728718,
17,18,-132,147,75.04,197.56770991232347,2.23606797749979,10.024937810560445,81.39,-6.349999999999994,6.349999999999994,5.079999999999998,0.8431134493457436,
279,280,212,170,191.88,271.7425251961864,0.0,2.995352392457285,185.53,6.349999999999994,6.349999999999994,10.16000000000001,0.4215567246728712,
5,6,-102,118,29.32,155.97435686676192,4.123105625617661,11.146024801212626,35.3525,-6.032499999999999,6.032499999999999,6.032500000000002,0.6744907594765948,
35,36,-145,171,136.0,224.2008028531566,0.0,2.118033988749895,142.0325,-6.032499999999999,6.032499999999999,7.61999999999999,0.5339718512523051,
44,45,-148,176,167.75,229.95651762887695,1.0,1.8251407699364424,162.035,5.715000000000003,5.715000000000003,9.842500000000001,0.39163979582512,
42,43,-149,175,160.13,229.83907413666634,0.0,2.118033988749895,165.845,-5.715000000000003,5.715000000000003,8.89,0.4336012025206685,
21,22,-132,157,83.93,205.11703976023054,2.0,4.273721233651441,89.64500000000001,-5.715000000000003,5.715000000000003,7.6200000000000045,0.5058680696074463,
167,168,-113,10,14.08,113.44161493913951,3.605551275463989,16.513878188659973,19.795,-5.715000000000002,5.715000000000002,3.8100000000000005,1.011736139214893,
9,10,-112,128,39.480000000000004,170.0823330037544,3.605551275463989,7.9362537121026016,45.195,-5.714999999999996,5.714999999999996,6.350000000000001,0.6070416835289352,
122,123,-232,-2,196.96,232.0086205294967,0.0,2.699172818834085,191.88,5.0800000000000125,5.0800000000000125,12.064999999999998,0.283996109253304,
297,297,278,12,186.8,278.25887227544064,2.23606797749979,14.142135623730951,181.72,5.0800000000000125,5.0800000000000125,12.700000000000003,0.2697963037906387,
82,83,-19,223,111.87,223.80795338861395,2.0,3.58113883008419,106.78999999999999,5.0800000000000125,5.0800000000000125,7.61999999999999,0.4496605063177318,
179,180,-125,114,39.480000000000004,169.17742166140255,6.4031242374328485,13.522871562317103,34.4,5.080000000000005,5.080000000000005,6.349999999999998,0.5395926075812769,
253,254,99,94,21.7,136.517398158623,12.041594578792296,27.620694182051032,26.78,-5.080000000000002,5.080000000000002,11.43,0.2997736708784869,
170,171,-90,83,14.08,122.42957159118053,6.324555320336759,17.042676384417145,19.16,-5.08,5.08,3.174999999999999,1.016,
313,313,153,-205,123.3,255.80070367377803,1.4142135623730951,7.658639531550398,128.38,-5.079999999999998,5.079999999999998,13.969999999999999,0.2452693670823982,
18,19,-131,149,76.31,198.39858870465787,2.23606797749979,8.30313074680804,81.39,-5.079999999999998,5.079999999999998,5.714999999999996,0.5995473417569737,
19,20,-130,156,80.12,203.06649157357302,2.23606797749979,6.035533905932738,85.2,-5.079999999999998,5.079999999999998,8.255000000000003,0.4150712366009814,
31,32,-142,168,123.3,219.97272558205938,0.0,2.699172818834085,128.38,-5.079999999999998,5.079999999999998,8.255000000000003,0.4150712366009814,
30,31,-142,167,119.49,219.20994502987313,1.0,3.0615528128088303,124.57,-5.079999999999998,5.079999999999998,9.525000000000006,0.3597284050541838,
158,159,-158,6,31.86,158.11388300841898,3.0,10.689189457342259,36.94,-5.079999999999998,5.079999999999998,7.6200000000000045,0.4496605063177297,
156,157,-168,4,39.480000000000004,168.04761230080004,6.324555320336759,10.621700022186415,44.56,-5.079999999999998,5.079999999999998,10.16,0.3372453797382975,
6,7,-107,122,33.129999999999995,162.27445886522005,3.605551275463989,8.905124837953327,37.8925,-4.762500000000003,4.762500000000003,6.984999999999999,0.45988006327949704,
166,167,-119,10,15.35,119.41942890501528,6.0,10.630569518042591,19.795,-4.445000000000002,4.445000000000002,3.8100000000000005,0.786905886056028,
249,250,-15,116,12.81,116.96580696938743,1.0,7.159281985442836,17.255000000000003,-4.445000000000002,4.445000000000002,1.9050000000000002,0.8890000000000005,
1,2,-85,88,14.715,122.34786471369249,7.0710678118654755,17.482909994780144,19.16,-4.445,4.445,3.174999999999999,0.889,
46,47,-150,178,174.1,232.7745690577044,1.0,2.995352392457285,169.655,4.444999999999993,4.444999999999993,9.525000000000006,0.31476235442241046,
395,395,-128,-131,66.15,183.15294155431957,9.433981132056603,23.259317294433803,70.595,-4.444999999999993,4.444999999999993,11.43,0.2623019620186755,
33,34,-143,171,130.92000000000002,222.91253890259293,1.0,3.1622776601683795,135.365,-4.444999999999993,4.444999999999993,8.89,0.33724537973829705,
259,260,150,131,57.26,199.15069670980316,9.219544457292887,18.612761007399513,61.3875,-4.127500000000005,4.127500000000005,14.287500000000001,0.19485288607101658,
334,334,14,-169,44.56,169.57889019568444,11.0,25.226363152943613,48.6875,-4.127499999999998,4.127499999999998,15.240000000000002,0.18267458069157774,
113,114,-17,141,25.51,142.0211251891774,1.0,5.0,21.7,3.8100000000000023,3.8100000000000023,2.539999999999999,0.7620000000000005,
239,240,-15,171,39.480000000000004,171.6566340110396,2.23606797749979,6.8896358721824225,43.290000000000006,-3.8100000000000023,3.8100000000000023,3.809999999999995,0.6744907594765964,
315,315,148,-198,108.06,247.20032362438363,3.1622776601683795,7.906713908985303,111.87,-3.8100000000000023,3.8100000000000023,11.430000000000007,0.22483025315886507,
145,146,-200,2,77.58,200.0099997500125,1.4142135623730951,4.038843615231785,81.39,-3.8100000000000023,3.8100000000000023,6.349999999999994,0.40469445568595774,
193,194,-159,148,120.76,217.22108553268947,0.0,4.621320343559642,116.95,3.8100000000000023,3.8100000000000023,16.509999999999998,0.15565171372536823,
147,148,-196,4,72.5,196.04081207748553,1.0,4.785577734296182,76.31,-3.8100000000000023,3.8100000000000023,6.349999999999994,0.40469445568595774,
100,101,-21,196,64.88,197.12178976460214,1.4142135623730951,5.049509756796392,68.69,-3.8100000000000023,3.8100000000000023,6.350000000000001,0.40469445568595724,
309,309,167,-218,174.1,274.6142749385035,2.0,4.357388321059432,177.91,-3.8100000000000023,3.8100000000000023,19.049999999999997,0.13489815189531915,
287,288,280,-2,179.18,280.0071427660373,0.0,5.049509756796392,182.99,-3.8100000000000023,3.8100000000000023,12.700000000000003,0.20234722784297862,
148,149,-194,3,69.96000000000001,194.02319448973105,2.23606797749979,4.58113883008419,73.77000000000001,-3.8100000000000023,3.8100000000000023,6.350000000000001,0.40469445568595724,
94,95,-19,207,80.12,207.87015177749788,1.4142135623730951,4.561552812808831,83.93,-3.8100000000000023,3.8100000000000023,6.350000000000001,0.40469445568595724,
149,150,-192,4,67.42,192.04166214652486,1.4142135623730951,4.561552812808831,71.23,-3.8100000000000023,3.8100000000000023,6.350000000000001,0.40469445568595724,
150,151,-191,3,64.88,191.02355875650522,1.4142135623730951,5.0990195135927845,68.69,-3.8100000000000023,3.8100000000000023,6.350000000000001,0.40469445568595724,
285,286,285,-1,189.34,285.00175438056516,0.0,6.08504366272913,185.53,3.8100000000000023,3.8100000000000023,12.700000000000003,0.20234722784297862,
232,233,-12,194,59.8,194.3707796969493,4.123105625617661,8.301162633521313,63.61,-3.8100000000000023,3.8100000000000023,6.349999999999998,0.4046944556859575,
151,152,-188,3,62.34,188.0239346466295,2.23606797749979,6.16227766016838,66.15,-3.8100000000000023,3.8100000000000023,6.350000000000001,0.40469445568595724,
54,55,-147,185,203.31,236.29219199965115,1.0,1.7071067811865475,207.12,-3.8100000000000023,3.8100000000000023,8.89,0.2890674683471124,
228,229,-8,209,80.12,209.15305400591214,4.0,9.609772228646444,83.93,-3.8100000000000023,3.8100000000000023,12.699999999999996,0.20234722784297876,
143,144,-202,4,82.66,202.03960007879644,1.0,4.08113883008419,78.85,3.8100000000000023,3.8100000000000023,6.350000000000001,0.40469445568595724,
254,255,107,103,26.78,148.51935900750448,12.041594578792296,28.55596374306247,30.59,-3.8099999999999987,3.8099999999999987,11.430000000000001,0.22483025315886496,
388,388,121,75,26.78,142.35870187663275,29.068883707497267,41.02883447759237,30.59,-3.8099999999999987,3.8099999999999987,11.430000000000001,0.22483025315886496,
326,326,78,-118,26.78,141.4496376806954,6.4031242374328485,33.01758745093238,30.59,-3.8099999999999987,3.8099999999999987,9.525000000000002,0.26979630379063796,
160,161,-150,7,26.78,150.16324450410627,5.0990195135927845,13.038631713205248,30.59,-3.8099999999999987,3.8099999999999987,7.619999999999999,0.33724537973829755,
159,160,-155,6,29.32,155.11608556174951,3.0,12.485886767731067,33.129999999999995,-3.809999999999995,3.809999999999995,7.620000000000001,0.3372453797382971,
110,111,-17,162,34.4,162.88953311984167,1.4142135623730951,8.031128874149275,38.209999999999994,-3.809999999999995,3.809999999999995,3.8100000000000023,0.6744907594765939,
241,242,-16,163,34.4,163.783393541592,1.4142135623730951,8.06225774829855,38.209999999999994,-3.809999999999995,3.809999999999995,3.8100000000000023,0.6744907594765939,
13,14,-118,138,52.18,181.57092278225608,2.23606797749979,6.946506103102436,48.370000000000005,3.809999999999995,3.809999999999995,6.985000000000003,0.36790405062359677,
141,142,-205,3,87.74,205.0219500443794,2.0,4.549509756796392,83.93,3.809999999999988,3.809999999999988,7.6200000000000045,0.3372453797382963,
96,97,-20,204,75.04,204.9780476051033,3.0,4.5,78.85,-3.809999999999988,3.809999999999988,6.349999999999994,0.40469445568595624,
7,8,-110,124,34.4,165.75886099994776,1.0,9.272001872658766,37.8925,-3.4924999999999997,3.4924999999999997,6.984999999999999,0.3372453797382976,
34,35,-144,171,134.73000000000002,223.55536227073597,1.0,2.53224755112299,138.2225,-3.4924999999999784,3.4924999999999784,7.61999999999999,0.30914159809343794,
3,4,-96,108,22.97,144.49913494550754,7.810249675906654,19.026475273040724,26.399,-3.429000000000002,3.429000000000002,3.8100000000000005,0.607041683528936,
118,119,-15,117,14.08,117.957619508025,1.0,6.18465843842649,17.255000000000003,-3.1750000000000025,3.1750000000000025,1.9050000000000002,0.6350000000000005,
165,166,-125,10,16.62,125.39936203984452,3.0,11.590169943749475,19.795,-3.1750000000000007,3.1750000000000007,4.445000000000001,0.4817791139118537,
387,387,-136,-126,71.23,185.39687160251654,9.433981132056603,31.66028643608065,68.055,3.174999999999997,3.174999999999997,13.334999999999994,0.16059303797061783,
57,58,-148,185,214.74,236.9155967850154,0.0,1.0,212.2,2.5400000000000205,2.5400000000000205,8.89,0.19271164556474302,
70,71,-20,239,163.94,239.83536019528063,0.0,2.9208096264818897,166.48000000000002,-2.5400000000000205,2.5400000000000205,10.159999999999982,0.16862268986915047,
127,128,-229,-1,171.56,229.00218339570478,0.0,2.618033988749895,174.10000000000002,-2.5400000000000205,2.5400000000000205,10.160000000000025,0.16862268986914974,
20,21,-132,155,82.66,203.59027481684876,2.0,5.590891021945502,85.2,-2.5400000000000063,2.5400000000000063,8.255000000000003,0.20753561830049128,
16,17,-122,148,64.88,191.80198122021577,5.0,10.41010261769495,67.42,-2.5400000000000063,2.5400000000000063,13.335,0.12847443037649464,
14,15,-116,141,53.45,182.58422713914803,2.0,7.6097722286464435,50.91,2.5400000000000063,2.5400000000000063,7.620000000000001,0.2248302531588656,
225,226,-9,219,99.17,219.18485349129398,1.0,6.8492678180810636,101.71000000000001,-2.5400000000000063,2.5400000000000063,7.619999999999997,0.22483025315886568,
229,230,-8,205,75.04,205.15603817582362,4.0,9.590169943749475,77.58000000000001,-2.5400000000000063,2.5400000000000063,6.349999999999994,0.269796303790639,
240,241,-19,167,36.94,168.0773631397161,3.1622776601683795,6.733551962699517,39.480000000000004,-2.5400000000000063,2.5400000000000063,5.080000000000002,0.3372453797382983,
246,247,-17,136,19.16,137.05838172107534,0.0,5.049509756796392,21.7,-2.539999999999999,2.539999999999999,2.539999999999999,0.5079999999999998,
238,239,-14,173,42.02,173.5655495770978,2.23606797749979,6.8896358721824225,44.56,-2.539999999999999,2.539999999999999,3.8099999999999987,0.44966050631773014,
171,172,-98,83,16.62,128.42507543311004,7.615773105863909,14.035261950457535,19.16,-2.539999999999999,2.539999999999999,4.7625,0.35972840505418396,
237,238,-12,177,44.56,177.40631330367023,3.1622776601683795,6.354101966249685,47.1,-2.539999999999999,2.539999999999999,3.8099999999999987,0.44966050631773014,
236,237,-13,180,47.1,180.46883387443938,3.1622776601683795,5.590891021945502,49.64,-2.539999999999999,2.539999999999999,2.539999999999999,0.5079999999999998,
164,165,-128,10,20.43,128.39003076563228,3.0,12.0,17.89,2.539999999999999,2.539999999999999,3.8099999999999996,0.44966050631773,
56,57,-149,185,209.66,237.54157530840786,0.0,1.0,207.12,2.539999999999992,2.539999999999992,6.984999999999999,0.2452693670823975,
32,33,-142,168,125.84,219.97272558205938,0.0,2.699172818834085,128.38,-2.539999999999992,2.539999999999992,8.255000000000003,0.2075356183004901,
126,127,-227,-2,176.64000000000001,227.00881040171106,0.0,2.23606797749979,174.10000000000002,2.539999999999992,2.539999999999992,12.700000000000003,0.1348981518953186,
231,232,-11,198,64.88,198.3053201505194,2.23606797749979,8.65079819468637,67.41999999999999,-2.539999999999992,2.539999999999992,5.080000000000005,0.3372453797382962,
248,249,-17,120,15.35,121.19818480488888,3.1622776601683795,4.73606797749979,17.255000000000003,-1.905000000000003,1.905000000000003,1.9050000000000002,0.38100000000000056,
117,118,-14,119,15.35,119.82069938036582,2.0,4.935240796333875,17.255000000000003,-1.905000000000003,1.905000000000003,1.9050000000000002,0.38100000000000056,
22,23,-134,157,86.47,206.4097865896867,2.0,4.561552812808831,88.375,-1.9050000000000011,1.9050000000000011,8.254999999999995,0.1556517137253683,
111,112,-17,154,29.32,154.93547043850222,1.0,9.626712082661493,27.415,1.9050000000000011,1.9050000000000011,4.445,0.2890674683471124,
247,248,-17,125,17.89,126.15070352558483,5.0,7.477207591867345,15.985,1.9050000000000011,1.9050000000000011,2.539999999999999,0.3810000000000002,
25,26,-136,162,97.9,211.51832071950648,2.0,4.928650381067042,99.805,-1.9050000000000011,1.9050000000000011,8.889999999999993,0.1445337341735563,
224,225,-8,219,102.98,219.14607000811125,1.0,6.640054944640259,101.075,1.9050000000000011,1.9050000000000011,11.43,0.1124151265794326,
242,243,-17,155,29.32,155.92947123619703,1.0,10.117862512818183,27.415,1.9050000000000011,1.9050000000000011,4.445,0.2890674683471124,
36,37,-145,171,140.445,224.2008028531566,0.0,2.118033988749895,142.0325,-1.5875000000000057,1.5875000000000057,7.61999999999999,0.14051890822429133,
304,304,158,-210,136.0,262.8003044138267,2.23606797749979,5.894144522283677,137.27,-1.2700000000000102,1.2700000000000102,13.970000000000006,0.06131734177060003,
303,303,156,-205,125.84,257.60628874311277,3.0,6.298133679031241,127.11000000000001,-1.2700000000000102,1.2700000000000102,13.969999999999999,0.06131734177060006,
211,212,-4,246,186.8,246.03251817595168,1.0,2.995352392457285,185.53,1.2700000000000102,1.2700000000000102,16.510000000000005,0.05188390457512311,
218,219,-6,233,138.54,233.0772404161333,1.4142135623730951,5.061552812808831,139.81,-1.2700000000000102,1.2700000000000102,16.509999999999998,0.05188390457512313,
219,220,-7,232,133.46,232.1055794245369,1.4142135623730951,5.590891021945502,132.19,1.2700000000000102,1.2700000000000102,15.239999999999995,0.05620756328971674,
202,203,-168,156,181.72,229.2596780945136,0.0,2.0,180.45,1.2700000000000102,1.2700000000000102,16.50999999999999,0.05188390457512315,
23,24,-133,160,92.82000000000001,208.0600874747485,2.23606797749979,4.302775637731995,91.55,1.2700000000000102,1.2700000000000102,8.254999999999995,0.1037678091502463,
277,278,212,170,184.26,271.7425251961864,0.0,2.995352392457285,185.53,-1.2700000000000102,1.2700000000000102,10.16000000000001,0.084311344934575,
64,65,-19,244,186.8,244.73863609981976,1.0,1.4142135623730951,185.53,1.2700000000000102,1.2700000000000102,13.969999999999999,0.06131734177060006,
107,108,-19,179,47.1,180.00555546982432,2.0,6.576915171081847,48.370000000000005,-1.2700000000000031,1.2700000000000031,3.174999999999997,0.2540000000000006,
325,325,80,-129,31.86,151.7926216915697,11.180339887498949,27.379206491059165,33.13,-1.2700000000000031,1.2700000000000031,13.335,0.06423721518824732,
233,234,-13,190,57.26,190.4442175546425,4.123105625617661,7.566662780082012,58.53,-1.2700000000000031,1.2700000000000031,3.8100000000000023,0.22483025315886548,
157,158,-162,6,34.4,162.11107303327555,4.0,11.045735099956593,35.67,-1.2700000000000031,1.2700000000000031,8.89,0.09635582278237097,
183,184,-139,126,59.8,187.608635195718,3.605551275463989,11.335870195763473,61.07,-1.2700000000000031,1.2700000000000031,15.240000000000002,0.0562075632897164,
109,110,-18,170,39.48,170.95028517086482,3.1622776601683795,6.8023326048086385,40.75,-1.2700000000000031,1.2700000000000031,3.8100000000000023,0.22483025315886548,
178,179,-123,107,34.4,163.02760502442524,3.1622776601683795,11.834275311569975,35.67,-1.2700000000000031,1.2700000000000031,8.89,0.09635582278237097,
243,244,-18,146,24.240000000000002,147.10540438746634,3.605551275463989,8.06225774829855,22.97,1.2700000000000031,1.2700000000000031,2.540000000000001,0.2540000000000006,
103,104,-19,189,57.26,189.952625672824,3.1622776601683795,6.082762530298219,55.989999999999995,1.2700000000000031,1.2700000000000031,4.445,0.19271164556474193,
244,245,-16,141,21.7,141.90489773083945,1.0,5.0990195135927845,22.97,-1.2699999999999996,1.2699999999999996,2.540000000000001,0.2539999999999999,
245,246,-17,136,20.43,137.05838172107534,0.0,5.049509756796392,21.7,-1.2699999999999996,1.2699999999999996,2.539999999999999,0.2539999999999999,
112,113,-15,144,24.24,144.77914214416384,3.1622776601683795,7.28538328578604,22.97,1.2699999999999996,1.2699999999999996,2.540000000000001,0.2539999999999999,
108,109,-20,176,44.56,177.13271860387624,3.1622776601683795,6.854101966249685,45.83,-1.269999999999996,1.269999999999996,3.8099999999999987,0.22483025315886443,
105,106,-20,183,50.91,184.08965207202712,2.23606797749979,6.541381265149109,49.64,1.269999999999996,1.269999999999996,2.539999999999999,0.2539999999999992,
230,231,-10,200,69.96000000000001,200.24984394500785,2.23606797749979,9.634710039206889,71.23,-1.269999999999996,1.269999999999996,5.080000000000005,0.1686226898691481,
192,193,-157,147,113.14,215.07673049402624,2.23606797749979,4.302775637731995,114.41,-1.269999999999996,1.269999999999996,15.239999999999995,0.05620756328971611,
286,287,280,-2,184.26,280.0071427660373,0.0,5.049509756796392,182.99,1.2699999999999818,1.2699999999999818,12.700000000000003,0.06744907594765853,
63,64,-19,243,179.18,243.74166652421167,1.0,1.8251407699364424,180.45,-1.2699999999999818,1.2699999999999818,13.969999999999999,0.061317341770598686,
133,134,-219,-2,130.92000000000002,219.0091322296858,2.0,4.73606797749979,132.19,-1.2699999999999818,1.2699999999999818,15.239999999999995,0.056207563289715476,
278,279,213,171,186.8,273.1483113621609,1.0,2.414213562373095,188.07,-1.2699999999999818,1.2699999999999818,10.159999999999997,0.08431134493457322,
223,224,-7,223,110.6,223.10983842045155,3.1622776601683795,5.549509756796392,109.33000000000001,1.2699999999999818,1.2699999999999818,12.700000000000003,0.06744907594765853,
40,41,-148,173,151.875,227.6686188300882,1.0,2.23606797749979,153.14499999999998,-1.2699999999999818,1.2699999999999818,8.254999999999995,0.10376780915024399,
39,40,-147,173,149.97,227.01982292302142,1.0,2.8284271247461903,149.01749999999998,0.9525000000000148,0.9525000000000148,7.9375,0.08093889113719267,
175,176,-115,100,26.78,152.3975065412817,4.123105625617661,11.335870195763473,27.669,-0.8889999999999993,0.8889999999999993,5.08,0.11803588290840408,
75,76,-19,233,138.54,233.77339455121918,1.0,3.58113883008419,139.175,-0.6350000000000193,0.6350000000000193,10.794999999999987,0.03967592702803627,
38,39,-146,173,146.16,226.37358503146962,1.0,2.23606797749979,146.79500000000002,-0.6350000000000193,0.6350000000000193,8.57250000000002,0.049962278479749204,
26,27,-138,162,102.98,212.8097742116184,2.0,5.385164807134504,102.345,0.6350000000000051,0.6350000000000051,8.889999999999993,0.048177911391185796,
114,115,-17,138,21.7,139.04315876734103,2.0,4.743416490252569,21.064999999999998,0.6350000000000016,0.6350000000000016,2.5399999999999974,0.1270000000000003,
115,116,-17,131,19.16,132.09844813622905,5.0,8.5,19.795,-0.6350000000000016,0.6350000000000016,1.9049999999999994,0.1270000000000003,
162,163,-136,8,21.7,136.23509092741122,5.0990195135927845,12.608004367558575,22.335,-0.6350000000000016,0.6350000000000016,5.08,0.08431134493457461,
163,164,-131,9,19.16,131.30879635424276,3.1622776601683795,12.041594578792296,18.525,0.6350000000000016,0.6350000000000016,3.8099999999999996,0.11241512657943283,
174,175,-112,94,24.240000000000002,146.21901381147393,5.830951894845301,12.526175457295302,24.875,-0.634999999999998,0.634999999999998,5.08,0.08431134493457414,
8,9,-110,125,36.305,166.50825805346713,1.0,8.955701623425455,36.94,-0.634999999999998,0.634999999999998,6.984999999999999,0.06131734177059937,
11,12,-116,135,47.1,177.99157283422156,3.605551275463989,7.031128874149275,46.465,0.634999999999998,0.634999999999998,6.984999999999999,0.06131734177059937,
235,236,-12,183,49.64,183.3930205869351,2.0,6.535533905932738,50.275,-0.634999999999998,0.634999999999998,3.174999999999997,0.1269999999999996,
106,107,-19,181,49.64,181.99450541156455,2.0,5.590891021945502,50.275,-0.634999999999998,0.634999999999998,3.174999999999997,0.1269999999999996,
83,84,-20,221,108.06,221.90313201935658,1.0,3.58113883008419,108.695,-0.6349999999999909,0.6349999999999909,7.6200000000000045,0.05620756328971543,
37,38,-146,172,143.62,225.61028345356956,1.0,1.8251407699364424,143.3025,0.31749999999999545,0.31749999999999545,7.9375,0.02697963037906342,
380,380,-148,-188,176.64000000000001,239.2655428598109,1.4142135623730951,3.5355339059327378,176.64,2.842170943040401e-14,2.842170943040401e-14,19.049999999999997,1.0063086813299901e-15,
78,79,-18,229,127.11000000000001,229.7063342618135,1.4142135623730951,3.64269164289302,127.10999999999999,2.842170943040401e-14,2.842170943040401e-14,9.524999999999991,2.012617362659982e-15,
77,78,-19,230,130.92,230.7834482799839,1.4142135623730951,3.5,130.92000000000002,-2.842170943040401e-14,2.842170943040401e-14,9.52500000000002,2.0126173626599755e-15,
95,96,-23,204,77.58,205.29247428973133,3.0,5.049509756796392,77.58000000000001,-1.4210854715202004e-14,1.4210854715202004e-14,6.349999999999994,1.5094630219949862e-15,
98,99,-20,199,69.96,200.0024999843752,2.23606797749979,5.0,69.96000000000001,-1.4210854715202004e-14,1.4210854715202004e-14,6.350000000000001,1.5094630219949844e-15,
80,81,-19,226,119.49,226.79726629745784,1.0,3.58113883008419,119.49000000000001,-1.4210854715202004e-14,1.4210854715202004e-14,9.524999999999991,1.006308681329991e-15,
97,98,-21,201,72.50000000000001,202.09403751719148,2.23606797749979,4.561552812808831,72.5,1.4210854715202004e-14,1.4210854715202004e-14,6.350000000000001,1.5094630219949844e-15,
84,85,-20,220,105.52,220.90722034374522,1.0,3.08113883008419,105.52000000000001,-1.4210854715202004e-14,1.4210854715202004e-14,6.984999999999999,1.3722391109045317e-15,
85,86,-19,219,102.98,219.8226557932553,1.0,3.118033988749895,102.97999999999999,1.4210854715202004e-14,1.4210854715202004e-14,6.349999999999994,1.5094630219949862e-15,
92,93,-22,209,85.2,210.1547049199708,2.23606797749979,4.785577734296182,85.19999999999999,1.4210854715202004e-14,1.4210854715202004e-14,6.350000000000001,1.5094630219949844e-15,
91,92,-20,211,87.74,211.94574777522666,2.0,3.64269164289302,87.74000000000001,-1.4210854715202004e-14,1.4210854715202004e-14,6.3500000000000085,1.5094630219949828e-15,
99,100,-22,197,67.42,198.22462006521792,1.4142135623730951,5.061552812808831,67.41999999999999,1.4210854715202004e-14,1.4210854715202004e-14,6.3500000000000085,1.5094630219949828e-15,
79,80,-19,227,123.3,227.79376637651873,1.0,3.5,123.30000000000001,-1.4210854715202004e-14,1.4210854715202004e-14,9.524999999999991,1.006308681329991e-15,
88,89,-22,215,95.36000000000001,216.12265036316762,1.4142135623730951,4.357388321059432,95.36,1.4210854715202004e-14,1.4210854715202004e-14,6.350000000000001,1.5094630219949844e-15,
146,147,-197,4,75.04,197.0406049523803,1.0,4.561552812808831,75.03999999999999,1.4210854715202004e-14,1.4210854715202004e-14,6.350000000000001,1.5094630219949844e-15,
89,90,-21,214,92.82,215.02790516581794,1.4142135623730951,3.81720680758398,92.82000000000001,-1.4210854715202004e-14,1.4210854715202004e-14,6.350000000000001,1.5094630219949844e-15,
101,102,-20,194,62.34,195.02820308868152,2.23606797749979,5.049509756796392,62.339999999999996,7.105427357601002e-15,7.105427357601002e-15,5.080000000000002,9.434143887468651e-16,
10,11,-113,132,43.29,173.761330565808,4.123105625617661,7.713011390885281,43.290000000000006,-7.105427357601002e-15,7.105427357601002e-15,7.9375,6.037852087979939e-16,
359,359,-88,-120,31.86,148.8086019019062,11.40175425099138,28.749006740234467,31.860000000000003,-3.552713678800501e-15,3.552713678800501e-15,16.51,1.4514067519182546e-16,
173,174,-107,91,21.7,140.46351839534705,5.385164807134504,13.831046965302802,21.700000000000003,-3.552713678800501e-15,3.552713678800501e-15,5.08,4.717071943734328e-16,
76,77,-19,232,134.73,232.7767170487633,1.0,3.64269164289302,134.73,0.0,0.0,10.160000000000004,0.0,
234,235,-12,185,52.18,185.3887806745597,2.0,7.60555127546399,52.18,0.0,0.0,5.079999999999998,0.0,
81,82,-19,225,115.68,225.80079716422614,1.0,4.123105625617661,115.68,0.0,0.0,8.890000000000008,0.0,
191,192,-156,145,108.06,212.9812198293549,1.4142135623730951,4.242640687119285,108.06,0.0,0.0,13.969999999999999,0.0,
72,73,-19,237,153.78,237.76038357977134,1.4142135623730951,2.618033988749895,153.78,0.0,0.0,10.159999999999997,0.0,
180,181,-130,118,44.56,175.56765077883796,6.4031242374328485,12.539999694598798,44.56,0.0,0.0,11.430000000000003,0.0,
172,173,-105,86,19.16,135.72398461583714,5.385164807134504,16.250854537431806,19.16,0.0,0.0,5.080000000000001,0.0,
86,87,-19,218,100.44,218.82641522448793,1.0,3.702459173643832,100.44,0.0,0.0,6.350000000000001,0.0,
176,177,-119,101,29.32,156.0833110873805,4.123105625617661,12.10865799994401,29.32,0.0,0.0,6.35,0.0,
87,88,-20,217,97.9,217.91970998512272,1.4142135623730951,3.08113883008419,97.9,0.0,0.0,6.350000000000001,0.0,
182,183,-136,124,54.72,184.04347312523745,2.23606797749979,11.680840040511919,54.72,0.0,0.0,13.969999999999999,0.0,
123,124,-232,-2,191.88,232.0086205294967,0.0,2.699172818834085,191.88,0.0,0.0,12.064999999999998,0.0,
90,91,-20,213,90.28,213.9369065869655,1.4142135623730951,4.23606797749979,90.28,0.0,0.0,6.3500000000000085,0.0,
43,44,-149,176,163.94,230.6013876801265,1.0,1.5,163.94,0.0,0.0,8.89,0.0,
324,324,93,-140,39.480000000000004,168.07438829280326,12.806248474865697,29.714746422551073,39.480000000000004,0.0,0.0,15.239999999999998,0.0,
177,178,-120,106,31.86,160.11246047700348,3.1622776601683795,11.92809311695628,31.86,0.0,0.0,6.349999999999998,0.0,
336,336,19,-188,59.8,188.95766721676048,9.433981132056603,21.623865073400196,59.8,0.0,0.0,14.922499999999996,0.0,
323,323,101,-150,47.1,180.83417818543043,12.529964086141668,31.47001254351216,47.1,0.0,0.0,17.78,0.0,
135,136,-217,2,120.76,217.00921639414304,1.0,5.82842712474619,120.76,0.0,0.0,12.70000000000001,0.0,
136,137,-214,-2,115.68,214.00934559032697,2.0,5.32842712474619,115.68,0.0,0.0,12.70000000000001,0.0,
222,223,-6,226,115.68,226.07963198837706,3.1622776601683795,6.541381265149109,115.68,0.0,0.0,14.605000000000004,0.0,
137,138,-212,-2,110.6,212.00943375236866,2.0,6.701562118716424,110.6,0.0,0.0,12.70000000000001,0.0,
217,218,-6,237,146.16,237.0759372015642,2.0,4.549509756796392,146.16,0.0,0.0,16.510000000000005,0.0,
144,145,-201,3,80.12,201.02238681301145,1.0,4.061552812808831,80.12,0.0,0.0,6.349999999999994,0.0,
104,105,-20,186,54.72,187.0721785835617,3.0,6.22811630949999,54.72,0.0,0.0,4.445,0.0,
93,94,-20,208,82.66,208.95932618574363,1.4142135623730951,4.5,82.66,0.0,0.0,6.349999999999994,0.0,
307,307,163,-214,158.86,269.0074348414928,1.4142135623730951,5.06449510224598,158.86,0.0,0.0,15.239999999999995,0.0,
349,349,27,-250,156.32,251.45377308761942,2.23606797749979,5.854860063735631,156.32,0.0,0.0,19.049999999999997,0.0,
102,103,-22,191,59.8,192.26284092356485,3.605551275463989,5.692582403567252,59.8,0.0,0.0,5.079999999999998,0.0,
352,352,24,-256,179.18,257.12253887981115,1.4142135623730951,5.711787416964771,179.18,0.0,0.0,19.049999999999997,0.0,
305,305,160,-211,143.62,264.8037008804824,2.23606797749979,6.10555127546399,143.62,0.0,0.0,16.510000000000005,0.0,
2,3,-90,102,19.16,136.02940858505562,8.48528137423857,19.5,19.16,0.0,0.0,4.7625,0.0,
195,196,-161,150,136.0,220.04772209682153,2.23606797749979,4.302775637731995,136.0,0.0,0.0,17.78,0.0,
161,162,-143,8,24.240000000000002,143.22360140703069,7.0,13.649135505508998,24.240000000000002,0.0,0.0,5.08,0.0,
12,13,-116,139,49.64,181.04419349981927,2.0,6.723362500354605,49.64,0.0,0.0,8.254999999999999,0.0,
116,117,-14,121,16.62,121.80722474467596,2.0,5.049509756796392,16.62,0.0,0.0,2.539999999999999,0.0,
312,312,156,-208,130.92000000000002,260.0,2.8284271247461903,5.32842712474619,130.92000000000002,0.0,0.0,13.969999999999999,0.0,
