row_1based,dx,dy,r_px,theta_deg,measured_cm,model_cm,pct_err,robust_z
10,-127.0,-159.0,203.5,-128.6,92.82000000000001,118.65,-21.8,-4.51
297,-143.0,-146.0,204.4,-134.4,161.4,126.89,27.2,4.36
11,-129.0,-162.0,207.1,-128.5,100.44,127.14,-21.0,-4.33
13,-133.0,-169.0,215.1,-128.2,115.68,145.56,-20.5,-4.22
12,-129.0,-166.0,210.2,-127.9,108.06,133.91,-19.3,-3.94
9,-123.0,-155.0,197.9,-128.4,85.2,105.32,-19.1,-3.9
14,-135.0,-171.0,217.9,-128.3,123.3,151.94,-18.9,-3.84
216,229.26,16.91,229.9,4.2,85.2,104.34,-18.3,-3.72
266,-97.0,-180.0,204.5,-118.3,136.0,110.74,22.8,3.72
231,-31.0,-200.0,202.4,-98.8,110.6,90.62,22.1,3.61
15,-137.0,-173.0,220.7,-128.4,130.92000000000002,158.0,-17.1,-3.46
265,-133.0,-149.0,199.7,-131.8,136.0,112.78,20.6,3.39
299,-81.0,-201.0,216.7,-111.9,161.4,134.31,20.2,3.32
267,-56.0,-203.0,210.6,-105.4,136.0,113.18,20.2,3.32
200,-134.97,132.8,189.3,135.5,85.2,101.66,-16.2,-3.25
199,-82.2,175.28,193.6,115.1,85.2,101.09,-15.7,-3.15
254,-57.0,206.0,213.7,105.5,136.0,161.26,-15.7,-3.14
296,-169.0,-112.0,202.7,-146.5,161.4,135.88,18.8,3.11
213,205.08,-95.95,226.4,-25.1,85.2,100.86,-15.5,-3.11
201,-162.46,92.52,187.0,150.3,85.2,100.67,-15.4,-3.07
298,-107.0,-186.0,214.6,-119.9,161.4,136.21,18.5,3.07
16,-139.0,-175.0,223.5,-128.5,138.54,163.63,-15.3,-3.06
295,-181.0,-85.0,200.0,-154.8,161.4,136.45,18.3,3.04
7,-118.0,-145.0,186.9,-129.1,69.96000000000001,82.39,-15.1,-3.01
8,-120.0,-149.0,191.3,-128.8,77.58,91.16,-14.9,-2.97
269,-13.0,-215.0,215.4,-93.5,136.0,115.78,17.5,2.91
235,157.0,-170.0,231.4,-47.3,110.6,129.03,-14.3,-2.84
202,-176.14,58.36,185.6,161.7,85.2,99.12,-14.0,-2.79
168,-44.04,183.04,188.3,103.5,67.42,77.87,-13.4,-2.66
17,-142.0,-176.0,226.1,-128.9,146.16,168.63,-13.3,-2.64
209,56.83,-205.7,213.4,-74.6,85.2,98.21,-13.2,-2.62
197,16.39,201.39,202.1,85.3,85.2,98.2,-13.2,-2.62
212,163.59,-149.0,221.3,-42.3,85.2,98.2,-13.2,-2.62
230,-72.0,-187.0,200.4,-111.1,110.6,95.77,15.5,2.6
170,-103.66,151.48,183.6,124.4,67.42,77.47,-13.0,-2.56
228,-130.0,-142.0,192.5,-132.5,110.6,96.5,14.6,2.46
208,21.88,-209.07,210.2,-84.0,85.2,96.78,-12.0,-2.35
301,15.0,-225.0,225.5,-86.2,161.4,141.93,13.7,2.32
223,4.84,200.52,200.6,88.6,110.6,97.43,13.5,2.29
25,-149.0,-186.0,238.3,-128.7,207.12,182.66,13.4,2.27
285,50.0,225.0,230.5,77.5,161.4,182.14,-11.4,-2.23
229,-102.0,-169.0,197.4,-121.1,110.6,97.91,13.0,2.2
264,-169.0,-100.0,196.4,-149.4,136.0,120.6,12.8,2.17
203,-182.31,-29.19,184.6,-170.9,85.2,95.77,-11.0,-2.16
240,227.0,9.0,227.2,2.3,110.6,98.15,12.7,2.15
175,-172.95,-41.34,177.8,-166.6,67.42,75.66,-10.9,-2.13
293,-197.0,-7.0,197.1,-178.0,161.4,143.43,12.5,2.13
263,-182.0,-67.0,193.9,-159.8,136.0,121.32,12.1,2.06
34,-80.0,156.0,175.3,117.1,63.61,56.79,12.0,2.04
18,-142.0,-178.0,227.7,-128.6,153.78,171.07,-10.1,-1.97
251,58.0,207.0,215.0,74.3,136.0,122.04,11.4,1.95
210,104.92,-187.88,215.2,-60.8,85.2,94.62,-10.0,-1.94
288,-96.0,181.0,204.9,117.9,161.4,145.1,11.2,1.91
171,-131.98,123.01,180.4,137.0,67.42,74.63,-9.7,-1.88
275,234.0,-40.0,237.4,-9.7,136.0,122.7,10.8,1.85
174,-177.06,-1.51,177.1,-179.5,67.42,74.49,-9.5,-1.85
249,127.0,183.0,222.8,55.2,136.0,122.76,10.8,1.84
268,-17.0,-217.0,217.7,-94.5,136.0,122.8,10.8,1.84
238,213.0,-78.0,226.8,-20.1,110.6,99.87,10.7,1.83
167,-8.85,189.25,189.5,92.7,67.42,74.23,-9.2,-1.78
262,-191.0,-23.0,192.4,-173.1,136.0,123.24,10.4,1.77
294,-197.0,-25.0,198.6,-172.8,161.4,146.27,10.3,1.77
225,-74.0,179.5,194.2,112.4,110.6,100.56,10.0,1.71
6,-111.0,-141.0,179.4,-128.2,62.34,68.23,-8.6,-1.67
24,-148.0,-185.0,236.9,-128.7,199.5,181.83,9.7,1.66
287,-54.0,203.0,210.1,104.9,161.4,147.18,9.7,1.66
176,-161.62,-74.08,177.8,-155.4,67.42,73.58,-8.4,-1.62
26,-99.0,135.0,167.4,126.3,50.910000000000004,46.57,9.3,1.6
83,125.52,-53.36,136.4,-23.0,26.78,24.53,9.2,1.58
291,-177.0,89.0,198.1,153.3,161.4,147.9,9.1,1.57
302,52.0,-223.0,229.0,-76.9,161.4,148.0,9.1,1.55
214,219.05,-47.19,224.1,-12.2,85.2,92.57,-8.0,-1.54
303,117.0,-208.0,238.6,-60.6,161.4,175.27,-7.9,-1.53
274,227.0,-70.0,237.5,-17.1,136.0,125.2,8.6,1.48
260,-189.0,34.0,192.0,169.8,136.0,125.25,8.6,1.47
27,182.0,130.0,223.7,35.5,97.9,105.97,-7.6,-1.47
38,-98.0,142.0,172.5,124.6,58.53,53.92,8.5,1.47
304,142.0,-194.0,240.4,-53.8,161.4,174.25,-7.4,-1.42
261,-192.0,10.0,192.3,177.0,136.0,125.61,8.3,1.42
19,-144.0,-179.0,229.7,-128.8,161.4,174.15,-7.3,-1.41
195,126.32,169.5,211.4,53.3,85.2,91.84,-7.2,-1.4
33,-6.0,184.0,184.1,91.9,68.69,63.64,7.9,1.37
198,-31.57,192.3,194.9,99.3,85.2,91.65,-7.0,-1.36
270,70.0,-213.0,224.2,-71.8,136.0,126.14,7.8,1.35
211,121.88,-177.09,215.0,-55.5,85.2,91.49,-6.9,-1.33
237,201.0,-105.0,226.8,-27.6,110.6,102.75,7.6,1.32
292,-192.0,48.0,197.9,166.0,161.4,149.99,7.6,1.31
173,-173.06,34.76,176.5,168.6,67.42,72.26,-6.7,-1.29
204,-157.96,-98.49,186.1,-148.1,85.2,91.32,-6.7,-1.29
49,-111.84,31.5,116.2,164.3,17.000999999999998,15.87,7.1,1.23
215,223.43,-8.77,223.6,-2.2,85.2,90.99,-6.4,-1.23
100,-156.52,16.36,157.4,174.0,42.02,39.3,6.9,1.19
217,214.92,73.59,227.2,18.9,110.6,103.54,6.8,1.18
99,-147.29,57.97,158.3,158.5,42.02,39.35,6.8,1.17
1,-86.0,-115.0,143.6,-126.8,31.86,29.87,6.7,1.15
300,-39.0,-222.0,225.4,-100.0,161.4,151.37,6.6,1.14
130,-17.65,179.09,180.0,95.6,54.72,58.1,-5.8,-1.12
96,-85.0,137.42,161.6,121.7,42.02,39.46,6.5,1.12
192,204.03,82.96,220.3,22.1,85.2,90.45,-5.8,-1.12
129,0.62,176.36,176.4,89.8,54.72,51.4,6.5,1.11
169,-63.85,172.46,183.9,110.3,67.42,71.43,-5.6,-1.08
276,239.0,2.0,239.0,0.5,136.0,128.1,6.2,1.06
308,236.0,-68.0,245.6,-16.1,161.4,152.04,6.2,1.06
23,-147.0,-184.0,235.5,-128.6,191.88,180.77,6.1,1.06
278,232.0,81.0,245.7,19.2,161.4,170.64,-5.4,-1.04
98,-129.18,93.88,159.7,144.0,42.02,39.67,5.9,1.02
78,-96.88,-94.08,135.0,-135.8,26.78,25.29,5.9,1.01
306,199.0,-137.0,241.6,-34.5,161.4,152.45,5.9,1.01
51,-109.75,-40.89,117.1,-159.6,17.000999999999998,17.94,-5.3,-1.01
305,173.0,-170.0,242.5,-44.5,161.4,170.27,-5.2,-1.0
71,-117.56,76.12,140.1,147.1,26.78,28.2,-5.0,-0.97
191,219.9,32.07,222.2,8.3,85.2,89.71,-5.0,-0.97
52,-98.66,-62.07,116.6,-147.8,17.000999999999998,17.9,-5.0,-0.97
282,132.0,194.0,234.6,55.8,161.4,169.87,-5.0,-0.96
252,21.0,212.0,213.0,84.3,136.0,128.9,5.5,0.95
221,111.42,183.9,215.0,58.8,110.6,104.89,5.4,0.94
77,-113.26,-74.12,135.4,-146.8,26.78,25.41,5.4,0.93
246,192.0,130.0,231.9,34.1,136.0,129.08,5.4,0.93
93,36.59,162.68,166.7,77.3,42.02,39.89,5.3,0.92
248,162.0,161.0,228.4,44.8,136.0,129.1,5.3,0.92
196,70.14,191.67,204.1,69.9,85.2,89.48,-4.8,-0.92
218,184.36,126.59,223.6,34.5,110.6,105.09,5.2,0.91
236,180.0,-136.0,225.6,-37.1,110.6,105.1,5.2,0.9
193,187.32,110.63,217.5,30.6,85.2,89.36,-4.7,-0.9
239,224.0,-53.0,230.2,-13.3,110.6,105.14,5.2,0.9
72,-124.09,64.21,139.7,152.6,26.78,28.08,-4.6,-0.9
70,-75.01,119.6,141.2,122.1,26.78,28.06,-4.5,-0.88
50,-117.79,2.99,117.8,178.5,17.000999999999998,17.81,-4.5,-0.88
20,-145.0,-181.0,231.9,-128.7,169.02,177.01,-4.5,-0.87
307,219.0,-108.0,244.2,-26.3,161.4,153.76,5.0,0.86
63,147.39,-0.1,147.4,-0.0,26.78,28.02,-4.4,-0.86
57,18.52,-116.72,118.2,-81.0,17.000999999999998,17.79,-4.4,-0.85
227,-144.51,122.87,189.7,139.6,110.6,105.4,4.9,0.85
271,141.0,-182.0,230.2,-52.2,136.0,129.72,4.8,0.84
143,-144.43,-89.76,170.0,-148.1,54.72,57.18,-4.3,-0.83
166,8.53,188.71,188.9,87.4,67.42,70.32,-4.1,-0.8
172,-160.28,74.33,176.7,155.1,67.42,70.31,-4.1,-0.79
69,-36.28,138.55,143.2,104.7,26.78,27.92,-4.1,-0.79
101,-157.97,3.39,158.0,178.8,42.02,40.2,4.5,0.78
4,-100.0,-123.0,158.5,-129.1,39.480000000000004,41.14,-4.0,-0.78
147,-26.61,-172.1,174.1,-98.8,54.72,52.35,4.5,0.78
97,-108.83,119.01,161.3,132.4,42.02,40.2,4.5,0.78
142,-160.02,-55.4,169.3,-160.9,54.72,57.02,-4.0,-0.78
205,-127.48,-139.5,189.0,-132.4,85.2,88.62,-3.9,-0.75
277,243.0,46.0,247.3,10.7,161.4,167.86,-3.8,-0.74
232,24.0,-213.0,214.3,-83.6,110.6,106.09,4.3,0.73
165,28.43,188.27,190.4,81.4,67.42,70.06,-3.8,-0.73
259,-174.0,86.0,194.1,153.7,136.0,130.51,4.2,0.72
28,-134.0,-121.0,180.5,-137.9,71.23,74.0,-3.7,-0.72
102,-156.57,-19.93,157.8,-172.7,42.02,40.34,4.2,0.72
32,140.0,127.0,189.0,42.2,57.895,55.59,4.1,0.71
220,140.42,167.82,218.8,50.1,110.6,106.23,4.1,0.71
257,-132.0,147.0,197.6,131.9,136.0,130.7,4.1,0.7
73,-134.83,34.64,139.2,165.6,26.78,27.76,-3.5,-0.68
207,-9.55,-203.06,203.3,-92.7,85.2,88.3,-3.5,-0.68
309,247.0,-36.0,249.6,-8.3,161.4,167.17,-3.5,-0.67
36,-126.0,-126.0,178.2,-135.0,66.15,68.49,-3.4,-0.66
186,171.04,-107.06,201.8,-32.0,67.42,64.94,3.8,0.66
258,-156.0,118.0,195.6,142.9,136.0,131.1,3.7,0.64
250,104.0,197.0,222.8,62.2,136.0,131.28,3.6,0.62
79,-53.72,-124.31,135.4,-113.4,26.78,25.86,3.6,0.61
224,-19.39,200.56,201.5,95.5,110.6,106.85,3.5,0.6
31,35.0,-164.0,167.7,-78.0,45.195,43.67,3.5,0.6
53,-81.88,-81.29,115.4,-135.2,17.000999999999998,17.53,-3.0,-0.59
244,210.0,105.0,234.8,26.6,136.0,131.5,3.4,0.59
2,-68.0,-79.0,104.2,-130.7,12.81,12.39,3.4,0.58
48,-80.06,86.43,117.8,132.8,17.000999999999998,16.45,3.3,0.57
286,-18.0,216.0,216.7,94.8,161.4,156.23,3.3,0.57
106,-118.77,-103.93,157.8,-138.8,42.02,40.68,3.3,0.56
177,-129.83,-122.33,178.4,-136.7,67.42,69.41,-2.9,-0.56
116,161.3,-55.07,170.4,-18.9,42.02,40.71,3.2,0.55
95,-45.79,158.12,164.6,106.2,42.02,40.72,3.2,0.54
60,105.15,-56.88,119.5,-28.4,17.000999999999998,17.48,-2.7,-0.53
289,-116.0,170.0,205.8,124.3,161.4,156.54,3.1,0.53
124,131.05,131.73,185.8,45.1,54.72,53.08,3.1,0.53
76,-126.68,-50.77,136.5,-158.2,26.78,25.98,3.1,0.52
111,20.53,-164.71,166.0,-82.9,42.02,43.17,-2.7,-0.52
104,-148.15,-54.75,157.9,-159.7,42.02,40.79,3.0,0.51
155,176.71,-69.15,189.8,-21.4,54.72,53.14,3.0,0.51
103,-151.17,-46.03,158.0,-163.1,42.02,40.82,2.9,0.5
94,5.45,166.66,166.7,88.1,42.02,40.82,2.9,0.5
281,168.0,165.0,235.5,44.5,161.4,156.86,2.9,0.49
190,204.49,-8.76,204.7,-2.5,67.42,65.53,2.9,0.49
54,-57.46,-99.93,115.3,-119.9,17.000999999999998,17.43,-2.5,-0.49
234,132.0,-179.0,222.4,-53.6,110.6,107.55,2.8,0.48
256,-102.0,173.0,200.8,120.5,136.0,132.31,2.8,0.47
182,12.52,-192.71,193.1,-86.3,67.42,69.07,-2.4,-0.47
283,110.0,204.0,231.8,61.7,161.4,165.31,-2.4,-0.46
253,-18.0,209.0,209.8,94.9,136.0,132.41,2.7,0.46
87,174.72,9.72,175.0,3.2,42.02,43.02,-2.3,-0.46
105,-137.11,-78.52,158.0,-150.2,42.02,40.94,2.6,0.45
134,-135.5,105.09,171.5,142.2,54.72,55.98,-2.2,-0.44
146,-62.46,-160.55,172.3,-111.3,54.72,53.34,2.6,0.44
127,46.04,176.72,182.6,75.4,54.72,55.96,-2.2,-0.44
118,174.89,0.6,174.9,0.2,42.02,42.97,-2.2,-0.44
84,137.55,-41.84,143.8,-16.9,26.78,27.38,-2.2,-0.43
3,-67.0,-83.0,106.7,-128.9,14.08,13.75,2.4,0.41
222,51.17,204.88,211.2,76.0,110.6,112.91,-2.0,-0.41
272,180.0,-153.0,236.2,-40.4,136.0,138.75,-2.0,-0.39
137,-153.53,70.21,168.8,155.4,54.72,53.47,2.3,0.39
187,186.86,-81.23,203.8,-23.5,67.42,65.92,2.3,0.38
5,-103.0,-129.0,165.1,-128.6,47.1,48.02,-1.9,-0.38
109,-47.7,-154.72,161.9,-107.1,42.02,42.83,-1.9,-0.38
241,239.0,32.0,241.1,7.6,136.0,138.49,-1.8,-0.36
156,189.09,-25.88,190.9,-7.8,54.72,53.58,2.1,0.36
128,17.06,178.17,179.0,84.5,54.72,53.59,2.1,0.35
164,77.5,177.7,193.9,66.4,67.42,68.64,-1.8,-0.35
115,146.42,-92.55,173.2,-32.3,42.02,42.75,-1.7,-0.34
144,-122.69,-117.91,170.2,-136.1,54.72,55.66,-1.7,-0.34
110,-23.26,-161.21,162.9,-98.2,42.02,42.74,-1.7,-0.34
135,-152.85,72.03,169.0,154.8,54.72,53.64,2.0,0.34
64,140.72,43.4,147.3,17.1,26.78,27.23,-1.7,-0.33
154,160.04,-101.59,189.6,-32.4,54.72,53.66,2.0,0.33
74,-137.96,9.83,138.3,175.9,26.78,27.23,-1.6,-0.33
245,214.0,99.0,235.8,24.8,136.0,133.37,2.0,0.33
22,-147.0,-184.0,235.5,-128.6,184.26,180.77,1.9,0.32
189,191.94,-70.05,204.3,-20.0,67.42,66.15,1.9,0.32
21,-146.0,-183.0,234.1,-128.6,176.64000000000001,179.48,-1.6,-0.32
194,158.57,141.71,212.7,41.8,85.2,86.55,-1.6,-0.31
206,-64.27,-185.45,196.3,-109.1,85.2,86.54,-1.6,-0.31
183,114.92,-164.68,200.8,-55.1,67.42,68.45,-1.5,-0.31
226,-115.67,154.48,193.0,126.8,110.6,108.64,1.8,0.3
150,77.31,-169.67,186.5,-65.5,54.72,55.54,-1.5,-0.3
141,-168.04,-11.96,168.5,-175.9,54.72,55.53,-1.5,-0.3
56,-17.51,-113.47,114.8,-98.8,17.000999999999998,16.71,1.8,0.29
163,119.12,155.85,196.2,52.6,67.42,66.25,1.8,0.29
37,-161.0,1.0,161.0,179.6,44.56,43.79,1.8,0.29
92,71.8,153.7,169.6,65.0,42.02,41.3,1.7,0.29
139,-167.07,15.43,167.8,174.7,54.72,53.78,1.7,0.29
132,-84.47,152.44,174.3,119.0,54.72,55.49,-1.4,-0.28
120,189.52,36.15,192.9,10.8,54.72,55.48,-1.4,-0.28
62,117.81,-21.63,119.8,-10.4,17.000999999999998,17.23,-1.3,-0.27
88,168.27,44.72,174.1,14.9,42.02,42.54,-1.2,-0.25
138,-164.46,35.17,168.2,167.9,54.72,53.89,1.5,0.25
179,-43.79,-181.43,186.6,-103.6,67.42,68.24,-1.2,-0.25
121,179.7,67.48,192.0,20.6,54.72,55.36,-1.2,-0.24
181,-30.18,-185.66,188.1,-99.2,67.42,68.21,-1.2,-0.24
180,-78.24,-165.24,182.8,-115.3,67.42,68.2,-1.1,-0.24
80,3.06,-136.77,136.8,-88.7,26.78,27.09,-1.1,-0.24
117,172.07,-25.59,174.0,-8.5,42.02,42.49,-1.1,-0.23
149,48.54,-175.85,182.4,-74.6,54.72,53.96,1.4,0.23
55,-38.41,-108.59,115.2,-109.5,17.000999999999998,17.19,-1.1,-0.22
47,-43.09,111.06,119.1,111.2,17.000999999999998,17.18,-1.0,-0.22
279,218.0,106.0,242.4,25.9,161.4,163.08,-1.0,-0.22
114,124.85,-117.66,171.6,-43.3,42.02,42.46,-1.0,-0.22
161,146.89,134.45,199.1,42.5,67.42,66.54,1.3,0.21
112,74.18,-151.12,168.3,-63.9,42.02,42.44,-1.0,-0.21
39,117.56,-14.78,118.5,-7.2,17.000999999999998,16.79,1.2,0.2
65,120.56,84.85,147.4,35.1,26.78,27.02,-0.9,-0.19
242,230.0,63.0,238.5,15.3,136.0,134.38,1.2,0.19
310,247.0,17.0,247.6,3.9,161.4,162.81,-0.9,-0.19
35,-146.0,93.0,173.1,147.5,59.8,60.32,-0.9,-0.19
42,91.51,78.31,120.4,40.6,17.000999999999998,16.81,1.2,0.18
59,89.69,-76.27,117.7,-40.4,17.000999999999998,16.81,1.2,0.18
91,96.46,140.88,170.7,55.6,42.02,41.55,1.1,0.18
284,93.0,210.0,229.7,66.1,161.4,162.73,-0.8,-0.18
119,192.82,-7.52,193.0,-2.2,54.72,55.17,-0.8,-0.18
125,113.51,146.89,185.6,52.3,54.72,54.12,1.1,0.17
107,-98.66,-124.67,159.0,-128.4,42.02,41.56,1.1,0.17
61,115.62,-29.38,119.3,-14.3,17.000999999999998,17.14,-0.8,-0.17
44,45.1,111.88,120.6,68.0,17.000999999999998,17.13,-0.8,-0.17
40,118.47,12.67,119.1,6.1,17.000999999999998,16.82,1.1,0.17
89,154.2,79.47,173.5,27.3,42.02,42.34,-0.8,-0.17
151,77.17,-169.24,186.0,-65.5,54.72,55.14,-0.8,-0.17
162,173.04,104.3,202.0,31.1,67.42,66.75,1.0,0.16
145,-90.44,-145.14,171.0,-121.9,54.72,54.17,1.0,0.16
126,82.86,163.84,183.6,63.2,54.72,54.17,1.0,0.16
148,12.22,-179.13,179.5,-86.1,54.72,54.2,1.0,0.15
152,108.58,-152.46,187.2,-54.5,54.72,54.2,1.0,0.15
280,190.0,144.0,238.4,37.2,161.4,159.87,1.0,0.15
185,151.97,-133.12,202.0,-41.2,67.42,66.78,1.0,0.15
178,-96.72,-152.55,180.6,-122.4,67.42,67.84,-0.6,-0.14
247,174.0,153.0,231.7,41.3,136.0,136.82,-0.6,-0.14
233,87.0,-202.0,219.9,-66.7,110.6,109.62,0.9,0.13
108,-75.29,-141.49,160.3,-118.0,42.02,42.25,-0.5,-0.13
45,25.97,117.24,120.1,77.5,17.000999999999998,17.09,-0.5,-0.13
90,135.74,105.67,172.0,37.9,42.02,41.67,0.8,0.13
85,143.78,-13.86,144.4,-5.5,26.78,26.92,-0.5,-0.12
30,-152.0,110.0,187.6,144.1,99.805,100.31,-0.5,-0.12
46,-14.01,118.57,119.4,96.7,17.000999999999998,17.09,-0.5,-0.12
188,205.18,-25.15,206.7,-7.0,67.42,67.74,-0.5,-0.11
41,113.8,38.49,120.1,18.7,17.000999999999998,16.87,0.8,0.11
255,-55.0,199.0,206.5,105.4,136.0,134.97,0.8,0.11
122,162.8,96.88,189.4,30.8,54.72,54.32,0.7,0.11
86,145.2,5.45,145.3,2.1,26.78,26.89,-0.4,-0.1
159,203.01,36.15,206.2,10.1,67.42,67.68,-0.4,-0.1
131,-53.43,167.43,175.7,107.7,54.72,54.92,-0.4,-0.09
58,60.81,-100.4,117.4,-58.8,17.000999999999998,16.89,0.7,0.09
66,100.54,107.2,147.0,46.8,26.78,26.87,-0.4,-0.09
158,205.87,16.79,206.6,4.7,67.42,67.65,-0.3,-0.09
243,221.0,87.0,237.5,21.5,136.0,136.41,-0.3,-0.08
43,72.91,96.76,121.2,53.0,17.000999999999998,17.05,-0.3,-0.08
113,100.38,-136.62,169.5,-53.7,42.02,42.14,-0.3,-0.08
219,169.4,145.83,223.5,40.7,110.6,110.0,0.5,0.07
273,206.0,-120.0,238.4,-30.2,136.0,136.31,-0.2,-0.07
123,154.95,108.18,189.0,34.9,54.72,54.44,0.5,0.07
157,191.68,16.48,192.4,4.9,54.72,54.83,-0.2,-0.06
82,105.24,-89.91,138.4,-40.5,26.78,26.66,0.5,0.06
160,179.52,95.51,203.3,28.0,67.42,67.5,-0.1,-0.05
29,123.0,80.0,146.7,33.0,26.78,26.67,0.4,0.04
184,69.04,-184.23,196.7,-69.5,67.42,67.48,-0.1,-0.04
153,138.15,-129.51,189.4,-43.2,54.72,54.52,0.4,0.04
67,68.87,128.69,146.0,61.8,26.78,26.79,-0.0,-0.03
81,63.47,-120.62,136.3,-62.2,26.78,26.7,0.3,0.03
75,-136.89,-15.2,137.7,-173.7,26.78,26.77,0.0,-0.02
68,16.76,142.53,143.5,83.3,26.78,26.77,0.0,-0.02
136,-138.16,99.91,170.5,144.1,54.72,54.57,0.3,0.02
133,-112.05,130.63,172.1,130.6,54.72,54.58,0.3,0.02
290,-141.0,148.0,204.4,133.6,161.4,161.05,0.2,0.01
140,-168.07,4.85,168.1,178.3,54.72,54.67,0.1,-0.01
